mp_id,formula,ground_truth,prediction,absolute_error,relative_error_percent
mp-226,FeS2,4.0514321184272095,3.975277900695801,0.07615421773140874,1.8796863801576482
mp-361,Cu2O,1.0534837971018483,1.625791311264038,0.5723075141621898,54.32523174410632
mp-380,ZnSe,2.8814006807614914,2.5770163536071777,0.3043843271543136,10.563762589029148
mp-390,TiO2,2.0716580649572105,1.8451015949249268,0.22655647003228374,10.935997299195376
mp-422,BeS,5.114285542256028,5.833657264709473,0.7193717224534444,14.065928007142775
mp-470,GeO2,3.5542097281426392,3.3632164001464844,0.19099332799615487,5.373721378450119
mp-588,GaF3,2.1583546299988705,1.7746901512145996,0.3836644787842709,17.775785010106134
mp-661,AlN,5.6196691838129045,5.100481986999512,0.5191871968133928,9.238750179616943
mp-679,Er2O3,2.2868860595129754,2.0973854064941406,0.18950065301883479,8.286405535184015
mp-706,HgF,0.21613860789381012,0.20855149626731873,0.007587111626491394,3.5102991087177613
mp-743,RbN3,0.3324001485981586,0.22053630650043488,0.11186384209772371,33.65336705458483
mp-812,Ho2O3,2.166685852955877,2.1655097007751465,0.0011761521807303055,0.05428346611142326
mp-827,KN3,2.674312771390679,-0.36273062229156494,3.037043393682244,113.56350783543319
mp-909,As2Se3,0.35562480533178537,-1.144075632095337,1.4997004374271223,421.7086139500181
mp-913,CdP2,1.6774410254698329,1.7431678771972656,0.06572685172743276,3.91828092490008
mp-1039,MgTe,2.2484754275656114,2.110271692276001,0.13820373528961039,6.1465530641462855
mp-1047,Ca3N2,1.842696389652627,1.8717732429504395,0.02907685329781251,1.5779513902067117
mp-1074,RbSi,-0.7999066767459665,-0.8498026728630066,0.0498959961170401,6.2377271708767115
mp-1105,BaO2,1.1868581742716495,2.924278974533081,1.7374208002614315,146.38824064447726
mp-1195,Ba3P14,-0.5849806171646812,-0.07956809550523758,0.5054125216594436,86.39816548266283
mp-1224,HgO,1.008801663694994,1.140395164489746,0.13159350079475218,13.044536456527773
mp-1249,MgF2,3.122261946960537,2.5073983669281006,0.6148635800324365,19.692889016919114
mp-1253,BaSe,2.191104583004802,1.4713006019592285,0.7198039810455734,32.851192345116644
mp-1285,PtO2,4.881056885389705,4.092361927032471,0.788694958357234,16.15828245554783
mp-1346,B6O,4.800974746084991,4.590029716491699,0.21094502959329198,4.393795859170254
mp-1394,Rb2O,0.9628722571114754,1.0409305095672607,0.07805825245578535,8.106812910982878
mp-1413,P2Ru,3.8905680673925516,3.9934396743774414,0.10287160698488984,2.6441281890701918
mp-1434,MoS2,4.42569266915014,4.101227760314941,0.32446490883519896,7.3313926901640345
mp-1508,LaS2,1.2865437189977291,1.1027398109436035,0.1838039080541256,14.286642990827897
mp-1858,HfO2,2.2816846784408717,2.1982390880584717,0.08344559038240007,3.657192037570257
mp-1873,ZnF2,2.073615270546773,1.8608434200286865,0.21277185051808667,10.260912597445463
mp-1990,Mg3As2,1.0644039392057922,1.398172378540039,0.3337684393342468,31.35730966791508
mp-2319,P2Os,3.844804672635659,3.8236377239227295,0.021166948712929567,0.5505337855933101
mp-2418,PdSe2,0.5197095623814535,1.872344970703125,1.3526354083216714,260.26756215981874
mp-2437,IrF3,2.702655444700082,2.3388054370880127,0.3638500076120694,13.462685682911623
mp-2552,TeO3,3.595325718926443,3.3784050941467285,0.21692062477971463,6.033406754715028
mp-2574,ZrO2,1.8329576874556683,1.903777837753296,0.07082015029762756,3.8637089542384975
mp-2589,MgO2,3.460705587129318,2.933548927307129,0.5271566598221891,15.232635269025286
mp-2672,KO,1.0180612378543565,1.161435604095459,0.14337436624110245,14.083078788391463
mp-2706,SnF4,2.0597274804957375,1.5679597854614258,0.4917676950343117,23.8753767035216
mp-2758,SrSe,2.722616508794353,2.1977920532226562,0.5248244555716965,19.276473711095758
mp-2798,SiP,3.5006216710166216,3.0778844356536865,0.42273723536293506,12.07606177105586
mp-2878,Li3PO4,2.098809213946267,2.1712141036987305,0.0724048897524634,3.449808075519392
mp-2918,YCuO2,2.862297047804696,1.760713815689087,1.1015832321156092,38.48598568623384
mp-2943,KY3F10,0.6672617710178003,0.691425085067749,0.02416331404994876,3.621264562046095
mp-2955,NaMgF3,1.2767806373578123,1.2361834049224854,0.04059723243532698,3.1796560229280626
mp-3042,K2SiF6,-0.07837688227197877,0.5783975124359131,0.6567743947078919,837.9695334509386
mp-3051,Mg2GeO4,1.9168125354132868,1.7665936946868896,0.15021884072639713,7.83690830225128
mp-3102,TaCuS3,1.6134210619400475,1.287895679473877,0.3255253824661706,20.176096007743
mp-3104,BaZrN2,1.6191346919933807,1.6777105331420898,0.05857584114870917,3.6177250378468604
mp-3143,Na2SO4,0.1293384284493736,0.05440238118171692,0.07493604726765668,57.93796025362143
mp-3236,Pr2SO2,2.6991143787266676,2.327669143676758,0.3714452350499098,13.761744888526826
mp-3247,Cs2TiS3,-0.052351692777609586,-0.8523216247558594,0.7999699319782498,1528.0688923976702
mp-3257,KAuSe5,-1.763184022399672,-1.432027816772461,0.33115620562721104,18.781715431864647
mp-3261,DyB3O6,0.7420631874595788,1.106276512145996,0.3642133246864173,49.08117406191323
mp-3297,Li10Zn4O9,1.5357778332707412,1.473985195159912,0.061792638110829134,4.023540174377276
mp-3349,Sr3Ti2O7,1.6373878788728256,1.7399654388427734,0.10257755996994788,6.264707421711346
mp-3359,Ba2SnO4,1.6550053670413372,1.2750864028930664,0.37991896414827075,22.955754205646723
mp-3378,SrHfO3,1.2503286901246702,1.394862174987793,0.14453348486312279,11.559639157661124
mp-3397,Ba2TiO4,0.2301802723442215,0.1747356355190277,0.055444636825193794,24.087484240299922
mp-3416,Na3AlF6,0.2927347464252373,0.5750344395637512,0.28229969313851394,96.4353212544284
mp-3443,CdGa2O4,2.231394945716757,2.2456271648406982,0.014232219123941459,0.637817126513651
mp-3503,Li6WN4,1.9771046832034616,1.7728080749511719,0.20429660825228968,10.333120445664624
mp-3538,Hg3TeO6,-0.26705632741302626,-0.29486069083213806,0.0278043634191118,10.411422821714272
mp-3556,Tm2SO2,2.7496838136709973,2.5821268558502197,0.16755695782077762,6.093680916609781
mp-3637,YOF,1.789865341427835,1.541088581085205,0.24877676034262985,13.899188647575711
mp-3653,MgSb2O6,3.221791368044634,2.9332923889160156,0.2884989791286183,8.95461394521377
mp-3788,SrAl4O7,1.8996851204168657,1.3543307781219482,0.5453543422949174,28.707617722206784
mp-3872,MgAl2S4,1.6288547866849181,0.9697933197021484,0.6590614669827697,40.46164657342515
mp-3884,Ho2Sn2O7,1.1630959576419535,1.1513328552246094,0.011763102417344129,1.0113613017100067
mp-3915,BaHgO2,-0.5502599578981642,-0.3710041046142578,0.17925585328390636,32.57657598212534
mp-3917,Cd2GeO4,1.0308699109074293,1.0772602558135986,0.046390344906169334,4.500116301322051
mp-3953,CaCO3,1.0418609575199342,0.9188364744186401,0.1230244831012941,11.808147931192655
mp-3982,KCuO2,1.736568194467072,1.357590675354004,0.378977519113068,21.823359446553194
mp-4052,Rb2Mn3Se4,0.981823761698985,1.0681092739105225,0.08628551221153746,8.788289261020301
mp-4086,La2Sn2O7,1.6537281978442548,1.5983936786651611,0.05533451917909371,3.346046783941034
mp-4103,Sr2Sb2O7,1.3781391739718756,0.4433349370956421,0.9348042368762335,67.83090231606104
mp-4117,Li2Si2O5,2.035637389956095,2.264292001724243,0.22865461176814827,11.232580659813875
mp-4123,ErTlS2,1.1750336134479675,1.0893571376800537,0.08567647576791382,7.291406372325682
mp-4124,CaCN2,4.23073187281091,1.8912289142608643,2.339502958550046,55.29783093996154
mp-4157,SrN2O6,-0.9744327900061263,-0.22261017560958862,0.7518226143965376,77.15489689050908
mp-4160,Tl3PSe4,-1.6800706330225081,-1.8831944465637207,0.20312381354121256,12.090194873282526
mp-4236,BaZnO2,0.6814005684166751,0.8933812975883484,0.21198072917167332,31.10956154090666
mp-4255,BaCu2S2,0.8108727731828205,0.849578857421875,0.03870608423905453,4.773385606119962
mp-4279,CaGe2O5,2.041980412635751,1.6839125156402588,0.35806789699549224,17.535324765104125
mp-4406,CaSO4,1.545082875868435,1.0042753219604492,0.5408075539079857,35.001847626071026
mp-4408,Sm2Zr2O7,0.22745104594030074,-0.014225173741579056,0.2416762196818798,106.25416941160725
mp-4438,CaSnO3,1.5700650964596914,1.6657719612121582,0.09570686475246681,6.0957259013192715
mp-4622,Li2BeF4,0.8495502018628419,0.9114595651626587,0.06190936329981678,7.287310763279874
mp-4627,CoAsS,3.481770153309933,3.420961618423462,0.060808534886470866,1.746483317649887
mp-4657,Li5GaO4,1.5168034058189723,1.7551136016845703,0.23831019586559798,15.711343668623057
mp-4710,Hg3B2O6,-0.07478736944811412,-0.15173999965190887,0.07695263020379475,102.89522251104559
mp-4764,Pr2SeO2,2.59504692641885,2.3357043266296387,0.25934259978921137,9.993753760249055
mp-4841,LaCuS2,0.5500792733037865,0.5959610342979431,0.04588176099415664,8.340936156090725
mp-4971,K4Sn3Se8,-0.7346171263347271,-0.9290785193443298,0.19446139300960275,26.471121627648625
mp-5013,Cs2BeF4,-0.88651365747432,-0.5239763259887695,0.36253733148555045,40.89472603483858
mp-5026,MgSiO3,1.6426148523872626,1.8619298934936523,0.21931504110638977,13.351580304272332
mp-5114,K6HgS4,-0.25999068428696315,-0.2852156460285187,0.02522496174155553,9.70225599072374
mp-5163,LaRhO3,1.8987462779401627,1.7889461517333984,0.10980012620676427,5.782769793017312
mp-5175,NaInO2,2.4257776728865914,2.71181321144104,0.28603553855444863,11.791498526494237
mp-5241,DyPS4,0.4478267748476853,0.6136524677276611,0.16582569287997584,37.02898133689671
mp-5309,KAuF4,0.117137085205675,-0.23057883977890015,0.34771592498457515,296.8452940194291
mp-5367,K5SnSb3,-1.1806580184900433,-0.9814947247505188,0.19916329373952446,16.868838446058803
mp-5459,Nd2TeO2,2.067793654129485,2.1129422187805176,0.045148564651032785,2.183417313466888
mp-5477,Na5NbO5,0.9979768728309405,1.0939264297485352,0.09594955691759466,9.614406859491295
mp-5560,Cd3B2O6,1.1740441573738354,1.207812786102295,0.03376862872845954,2.876265642682044
mp-5632,DyAsO4,2.4306501043483233,2.39338755607605,0.03726254827227349,1.5330280654386443
mp-5704,Tl3AsS4,-1.4586466709826684,-1.7914564609527588,0.33280978997009036,22.816340419567226
mp-5836,ThSiO4,2.7794172204051586,2.8777217864990234,0.09830456609386484,3.5368769169363814
mp-5853,LiSi2N3,4.064311084248123,3.3319993019104004,0.7323117823377228,18.018103613572105
mp-5858,CdPtF6,0.4557440882430069,0.7039168477058411,0.24817275946283418,54.45441111909853
mp-5900,Ba2ZrF8,-0.34235373204650144,0.015486466698348522,0.35784019874484996,104.5235279328706
mp-5914,Li3BN2,2.01764385827025,1.0779619216918945,0.9396819365783555,46.5732310846948
mp-5962,NaMgAs,1.0606214654804964,1.0934779644012451,0.03285649892074871,3.0978534746007274
mp-5970,BaCu2S2,0.2771912146577357,0.12292160838842392,0.1542696062693118,55.65457998363965
mp-6031,Li16Nb2N8O,1.2270349161963658,1.3033819198608398,0.076347003664474,6.222072628637079
mp-6078,Na2Cd3Si3O10,0.6958649006589048,0.5098662376403809,0.18599866301852397,26.729134181420044
mp-6124,NaAlSi2O6,2.245476075623595,2.2688512802124023,0.023375204588807375,1.0409910327063185
mp-6163,Cs2NaGaF6,-0.28150861671972527,0.003237105906009674,0.28474572262573494,101.14991361320658
mp-6185,ErCoC6N6,-0.3065450170524465,-0.33858394622802734,0.03203892917558082,10.45162289168749
mp-6228,Na2TiGeO5,1.2355455412223981,0.9761225581169128,0.2594229831054853,20.99663464034056
mp-6255,Ca3Sc2Si3O12,1.4631603332824314,1.0730037689208984,0.390156564361533,26.66533225967531
mp-6450,K2LiAlP2,1.4737320408476804,1.2953977584838867,0.17833428236379367,12.100862125601683
mp-6457,La2MgTiO6,1.0643242098020267,1.2310311794281006,0.1667069696260739,15.663175571011656
mp-6474,Ba3MgNb2O9,1.569181091213879,1.4912407398223877,0.07794035139149136,4.966944339814767
mp-6493,CaMgSiO4,1.8423490264126012,1.833970308303833,0.008378718108768224,0.454784516323878
mp-6495,BaEr2ZnO5,1.4023697067198182,1.3633780479431152,0.038991658776702964,2.780412225810663
mp-6526,NaGeSbO5,1.3809600902147667,1.370854377746582,0.010105712468184702,0.7317888865718822
mp-6586,K2NaAlF6,0.3879740955948724,0.14982616901397705,0.23814792658089534,61.382429725301165
mp-6591,SrLiAlF6,0.6679216124499745,1.1127324104309082,0.4448107979809337,66.59625765804199
mp-6637,MnAg4Sb2S6,-0.44993172464799497,-1.1539969444274902,0.7040652197794952,156.48267975109383
mp-6643,BaDy2ZnO5,1.3431312188069426,1.1041762828826904,0.2389549359242522,17.7908854010934
mp-6694,Cs2ZrSi3O9,0.5869997429026659,-0.38141611218452454,0.9684158550871904,164.97721963189505
mp-6795,Ba5Ho8Zn4O21,0.9690672950396835,1.0183464288711548,0.04927913383147131,5.085212769403524
mp-6841,Ba4NaCuC2O10,-0.10417464532267323,-0.021821707487106323,0.08235293783556691,79.05276526786801
mp-6980,ScCuS2,1.5390021035563846,1.7723190784454346,0.23331697488905,15.160276542175758
mp-6983,NaAgO,1.5056556268683179,1.1847317218780518,0.32092390499026613,21.314562192270383
mp-7084,SrCaSi,0.8462882141259103,1.2820444107055664,0.43575619657965614,51.490283015429604
mp-7089,KMgSb,1.2673893360387114,0.9690720438957214,0.29831729214298996,23.53793610694213
mp-7198,SrPSe3,0.03939719267241907,-0.3701038062572479,0.409500998929667,1039.4166973636877
mp-7205,LiInSiO4,1.1638224203154695,1.0241353511810303,0.13968706913443918,12.00243840435512
mp-7232,Cs2HgO2,-3.024119683237634,0.7536723613739014,3.777792044611535,124.92204146388204
mp-7386,NaAgF4,0.6126621922494676,0.8167786598205566,0.20411646757108903,33.31631527998314
mp-7447,Rb2Se3,-0.7316572895856639,-0.5444656610488892,0.18719162853677473,25.5846051424952
mp-7469,NaCuO,1.548703520114146,1.0425961017608643,0.5061074183532817,32.679425841040214
mp-7475,La2S3,1.1571954578450627,1.2327525615692139,0.07555710372415114,6.529329441445794
mp-7477,RbErO2,2.363080063896674,2.317636251449585,0.04544381244708884,1.923075444686917
mp-7588,CdGeO3,0.5373639942859316,0.4638955891132355,0.07346840517269615,13.671999976537986
mp-7589,Mg2NF,2.773923707992202,2.7412774562835693,0.03264625170863278,1.176897966392252
mp-7603,Li2TiF6,0.9450550569854775,0.846943736076355,0.09811132090912256,10.381545517789892
mp-7693,BaTm2F8,1.2183330660676965,1.402604341506958,0.18427127543926147,15.124868607072875
mp-7738,LaSeF,1.9377770801491547,1.7817418575286865,0.1560352226204682,8.05227929563796
mp-7899,BaCdO2,1.1889593387904576,0.7206681370735168,0.4682912017169407,39.38664565209933
mp-7921,MgPdF6,1.9915312821703803,1.7324297428131104,0.25910153935727,13.010166683141422
mp-7936,LiNbS2,2.859102589007115,3.207484245300293,0.34838165629317785,12.185000203653445
mp-7938,KNbS2,2.6972834422559715,2.1848223209381104,0.5124611213178611,18.99915719978044
mp-7972,RbLaO2,1.6482387733439607,1.5309021472930908,0.11733662605086992,7.118909465575572
mp-8001,LiAlO2,3.3713767209606433,3.198662519454956,0.17271420150568728,5.122957646111821
mp-8098,InGaO3,2.975341919773472,3.181427240371704,0.20608532059823226,6.926441604194607
mp-8110,AlBO3,3.5610772528878556,3.2952115535736084,0.2658656993142472,7.465878452893529
mp-8153,NaHgPO4,0.5272345831553418,0.39402925968170166,0.1332053234736401,25.264906311047724
mp-8177,HgF2,0.645857284294983,-0.35968485474586487,1.0055421390408479,155.69107347585253
mp-8269,Lu2CdS4,1.6708980407707545,1.522953748703003,0.14794429206775161,8.8541783195525
mp-8277,SrCd2P2,1.6460765044980723,1.3702623844146729,0.27581412008339945,16.755850613851127
mp-8280,BaMg2As2,1.8459045283920412,1.5157954692840576,0.3301090591079836,17.88332245956079
mp-8398,YbCsF3,1.3777670698113265,1.0158817768096924,0.3618852930016341,26.26607217801999
mp-8399,CsCdF3,0.7141306793727145,0.8214872479438782,0.10735656857116371,15.033182535367995
mp-8422,SrAl2Se4,0.9649169284429047,0.8078082203865051,0.15710870805639954,16.282096771784
mp-8426,K2Se,1.1541515760645622,0.7461456060409546,0.4080059700236076,35.35115997630316
mp-8470,NaPrO2,1.9176447557611687,2.0560483932495117,0.13840363748834306,7.217376267034749
mp-8564,CsK2ScP2O8,0.40135327006049704,0.6099262833595276,0.20857301329903055,51.96743837856156
mp-8568,Ca4PtO6,1.2870008928742969,1.5890672206878662,0.30206632781356935,23.470560858660768
mp-8630,SbIrS,3.397456596812317,7.923261642456055,4.525805045643738,133.2115633173975
mp-8658,CsNaSe,-0.03279092628968425,-0.3561885952949524,0.3233976690052681,986.2413344114843
mp-8812,Rb2GeF6,6.491320788244438,0.7846212983131409,5.706699489931297,87.91276345895487
mp-8850,Dy2S3,1.1936283645836812,1.3248839378356934,0.1312555732520122,10.996351724415671
mp-8884,ZnTe,2.9803072005203712,3.4451465606689453,0.4648393601485741,15.597028389134234
mp-8930,K2GeAs2,0.13543405175317752,0.0958622395992279,0.039571812153949615,29.218510146966192
mp-8934,Cs2SnAs2,-0.48310193464212636,-0.6222304701805115,0.1391285355383851,28.799001941784635
mp-8960,Ba3NaNbO6,0.9502442849943644,1.246791124343872,0.29654683934950765,31.207432029045705
mp-8966,K2Sn2Se5,-0.8527130821348241,-0.3680502474308014,0.4846628347040227,56.83773884301587
mp-8977,Ca2PN3,1.8910879277110215,1.445970058441162,0.4451178692698594,23.537661192128247
mp-8985,Ba2YC2O6F3,0.43305487046284297,-0.2399214804172516,0.6729763508800946,155.40209723558286
mp-9006,Ho2CF2,1.8819035556757195,1.8034818172454834,0.07842173843023614,4.167149702954777
mp-9089,CsTmS2,1.4997738888406764,1.6012787818908691,0.10150489305019272,6.768013085536239
mp-9144,LiAsF6,0.4903506303604686,0.779068112373352,0.28871748201288344,58.8798023570685
mp-9194,SmCuSeO,1.0584994727265946,1.342496633529663,0.28399716080306847,26.83016554288106
mp-9244,LiBC,4.396980921210963,3.730236291885376,0.6667446293255868,15.163691661913331
mp-9396,HfTlCuS3,0.946142214946648,0.4626866281032562,0.48345558684339174,51.09756009255473
mp-9397,HfTlCuSe3,0.1729239273944307,0.3544461131095886,0.18152218571515794,104.97227795498483
mp-9619,ThFe4P12,2.9310855168606675,3.1846976280212402,0.2536121111605727,8.65249784428683
mp-9712,Ba3BPO3,0.4434643588647196,0.6867973208427429,0.24333296197802334,54.870917383521444
mp-9789,CaPS3,0.4387573326676843,0.2243567854166031,0.2144005472510812,48.865404926114046
mp-9845,RbCaAs,0.5058334484606757,0.3931014835834503,0.11273196487722537,22.286380076344305
mp-9915,LiBeP,2.386199415696788,2.5050222873687744,0.11882287167198635,4.979586822892972
mp-10182,LiZnP,2.3331294556550515,2.449007034301758,0.11587757864670634,4.9666159057673225
mp-10368,CoPSe,3.2427788891788576,3.3524420261383057,0.10966313695944807,3.381764243174075
mp-10410,Ba4Sm2Cd3S10,0.7832798115382958,0.5380662679672241,0.24521354357107172,31.30599563002816
mp-10488,Cs2TiAg2S4,-0.8247802423197731,-0.7422481179237366,0.08253212439603652,10.006559342875025
mp-10510,BaAlBO3F2,1.2980058741623781,1.3097968101501465,0.01179093598776837,0.9083884921073435
mp-10533,YCuS2,0.9897419809537285,1.081817626953125,0.09207564599939655,9.302994898798902
mp-10615,BaLiP,1.2689826324668483,1.6308073997497559,0.3618247672829076,28.51298024304207
mp-10748,TaCu3S4,2.2933516972330885,2.036909580230713,0.2564421170023756,11.181979515473842
mp-10834,RbNd2CuS4,0.8768338063205262,1.0365991592407227,0.15976535292019645,18.22071089966555
mp-10837,Na2MgInF7,0.08546201647860456,0.29008764028549194,0.20462562380688737,239.4345842028142
mp-10935,NaErPO4F,6.680813697231243,1.0318493843078613,5.648964312923382,84.5550342956653
mp-10969,CdCN2,1.5235062120757636,1.5623011589050293,0.03879494682926565,2.546425247351495
mp-11006,BaPS3,0.13605393194677973,-0.08370731770992279,0.21976124965670252,161.525100018915
mp-11007,CaPSe3,0.016463335296114386,0.10324127972126007,0.08677794442514569,527.0982025472488
mp-11055,CsSn,-1.0986254041681178,-2.2665443420410156,1.1679189378728978,106.30729395496267
mp-11118,CsPrCdSe3,-0.206320596749542,-0.4253365695476532,0.2190159727981112,106.15322767022646
mp-11327,Rb2Se,0.7114893043376106,0.5803641676902771,0.1311251366473335,18.42967081134265
mp-11583,Zr2SN2,3.158261588959265,2.947298526763916,0.21096306219534888,6.679720987420396
mp-11643,K2MgP2Se6,-0.9729500689503973,-0.6316260099411011,0.3413240590092962,35.08135411075216
mp-11661,Zr3N4,2.077021459792558,2.1009769439697266,0.02395548417716853,1.153357567117341
mp-11691,Nd2HgO4,1.2899656396586119,1.3233973979949951,0.03343175833638323,2.591678205105596
mp-11715,MgSnB2O6,2.486388211077792,2.883141040802002,0.39675282972421,15.956994485274961
mp-11719,K4ZnP2,0.23613052132409207,0.14912739396095276,0.08700312736313931,36.845354372350045
mp-11739,KLaTe2,1.1325858464183718,0.9263384938240051,0.20624735259436666,18.21030637514959
mp-11742,CsNdTe2,-1.922493444768111,0.7290825843811035,2.6515760291492145,137.92380079969763
mp-11982,Sr2CaTeO6,0.9245356772623669,0.9586341977119446,0.03409852044957773,3.688177891690076
mp-12112,CdP2,-0.3100863183298303,1.84716796875,2.15725428707983,695.694766121612
mp-12454,ErCuS2,0.9513674612281252,0.9516934752464294,0.0003260140183042326,0.03426793868726385
mp-12455,TmCuS2,0.9666549941134392,0.9766765832901001,0.01002158917666085,1.0367286402789526
mp-12490,CsHoCdTe3,-0.35476041125278496,1.4905591011047363,1.8453195123575212,520.1593677944625
mp-12491,CsLaCdTe3,-0.37801863238886035,-0.21657057106494904,0.16144806132391132,42.70902211979669
mp-12509,YZnPO,1.9678861530357141,2.0856642723083496,0.11777811927263548,5.9850067592044285
mp-12622,SrPdF4,1.4727557139829448,0.4848233461380005,0.9879323678449443,67.08053198946102
mp-12630,MgSeO4,1.938995412356175,2.041536808013916,0.10254139565774101,5.288377424943857
mp-12673,Lu2SO2,2.791067081268988,2.4991066455841064,0.2919604356848815,10.460530943317158
mp-12843,YCuS2,0.8896506983193021,1.1200599670410156,0.23040926872171352,25.898846497506817
mp-12894,Y2SO2,2.7437622699012163,2.85727858543396,0.11351631553274366,4.1372504016840566
mp-12984,TbCuSe2,0.5543175512766628,0.16373947262763977,0.39057807864902305,70.46107014823413
mp-13042,NaSr3TaO6,1.2398315376781646,1.104015827178955,0.13581571049920949,10.954368103391845
mp-13277,BaLiP,1.1365201409784504,1.5561776161193848,0.4196574751409343,36.92477238279682
mp-13568,NdS2,1.5392163484711816,2.638489007949829,1.0992726594786475,71.41768345759154
mp-13898,Cs2NaInF6,0.4124720339793184,0.260716050863266,0.15175598311605243,36.79182359395099
mp-13944,Li3AlN2,1.9016219273831747,1.8921616077423096,0.009460319640865134,0.49748688236275734
mp-13974,Ho2SeO2,2.7079778173821274,2.8674092292785645,0.15943141189643706,5.88747111859888
mp-13985,Li2PdF6,1.2222421546790667,1.203507900238037,0.018734254441029607,1.5327776389735797
mp-14002,Ba4GeAs4,-0.6435749612093058,-0.4699036478996277,0.1736713133096781,26.985405551412693
mp-14023,Na3Li3Sc2F12,0.07170476086290634,-0.126221165060997,0.19792592592390335,276.0289882317879
mp-14115,LiRhO2,2.4766458580695594,2.3002355098724365,0.17641034819712287,7.1229541204824205
mp-14116,CuRhO2,4.28803976406494,4.1736226081848145,0.11441715588012524,2.6682857943383675
mp-14132,Lu3Al5O12,1.5814341363919093,1.6711113452911377,0.08967720889922837,5.670625594552403
mp-14134,Lu3Ga5O12,1.128769826573371,1.328134536743164,0.19936471016979307,17.66212255823745
mp-14213,Sr4GeP4,0.7984084197540314,0.8226422667503357,0.024233846996304265,3.0352694681964993
mp-14215,Ba4GeP4,0.6016016932120247,0.5907412767410278,0.010860416470996892,1.8052503165361462
mp-14307,MgSc2S4,1.8718307037326463,1.7545666694641113,0.11726403426853493,6.264670946720605
mp-14388,Ho3Al5O12,1.6832292507731976,1.4951748847961426,0.18805436597705505,11.172237286790946
mp-14395,NaAlAsO4F,1.8327607449938004,1.5546183586120605,0.2781423863817398,15.17614272029166
mp-14406,Ba2Re6S11,0.739905740342466,0.7025009989738464,0.0374047413686196,5.0553387180516784
mp-14434,K3GeS3,-0.3324404130210896,-0.254770964384079,0.07766944863701064,23.3634196068946
mp-14437,RbYO2,2.153011728096656,2.219209909439087,0.06619818134243083,3.0746781579751326
mp-14680,Sr2Ga2S5,0.22178197755785892,-0.056813038885593414,0.2785950164434523,125.61661660302038
mp-14753,Li7TaN4,1.5003030714045869,1.3100566864013672,0.19024638500321966,12.680530262802876
mp-14797,RbPt2Se3,0.6127347490583865,0.5881953835487366,0.02453936550964997,4.004892091946894
mp-14866,CsAlF4,-0.1807034310274699,-0.47584474086761475,0.29514130984014486,163.32911232619512
mp-14921,Zn4B6SeO12,2.2546068464018654,2.335702896118164,0.08109604971629869,3.5969042605241865
mp-15502,Ba4TiP4,0.3571828049880754,0.11150471121072769,0.24567809377734773,68.78217269880886
mp-15515,BaNaAlF6,-0.4368290439556655,0.06549443304538727,0.5023234770010527,114.99314982637334
mp-15786,KHoS2,1.6984359318608815,1.7324607372283936,0.03402480536751207,2.0033022576384725
mp-15789,LiDyS2,1.280745593131899,1.2835261821746826,0.0027805890427836655,0.21710705527270968
mp-16033,Sm2TeO2,2.0336157476733283,1.9006972312927246,0.1329185163806037,6.536068405876408
mp-16280,Ca2Sb2O7,1.0490801874654536,1.336883783340454,0.2878035958750005,27.433898696564402
mp-16613,AlAuO2,3.703573719938531,4.168903827667236,0.4653301077287053,12.564353862420981
mp-16763,KYTe2,1.3055833984623315,1.1739740371704102,0.13160936129192136,10.080502053482455
mp-16771,MgSe2O5,0.9030396882524966,0.8352127075195312,0.06782698073296534,7.510963428885355
mp-16861,Na5GeAs3,-0.39919571394676484,-0.4944646954536438,0.09526898150687896,23.865231558970006
mp-16870,Ba2CdSe3,0.19708112891500643,-0.1556311547756195,0.3527122836906259,178.96806540150138
mp-16927,TbNaGeO4,1.337647168533889,1.7540087699890137,0.4163616014551246,31.126414442417747
mp-16961,Na6Si2Se7,-1.0140194382837138,-0.6650030612945557,0.3490163769891581,34.419101233393356
mp-17012,Sr2VN3,0.8231858492568728,1.253854513168335,0.4306686639114622,52.317306511068715
mp-17077,K2YF5,0.17579678516168376,0.155644491314888,0.02015229384679576,11.463402944633657
mp-17112,K3Ge4Au,-0.4063250759440292,-0.04148395359516144,0.3648411223488678,89.79045201707517
mp-17123,Si2Os,2.8727944579075895,2.0919041633605957,0.7808902945469938,27.182254281977354
mp-17154,Rb3SbS4,-1.1691012052060334,-1.3615224361419678,0.19242123093593433,16.458902794649287
mp-17291,Na3SiTe3,-1.431273024917284,-1.3799748420715332,0.05129818284575083,3.584094854908304
mp-17324,ZrSnS3,0.47217471465410843,0.8172506093978882,0.34507589474377975,73.08224774309761
mp-17344,RbEr2Cu3S5,0.2509127924496105,0.3997911214828491,0.1488783290332386,59.33469058303875
mp-17371,K2ErF5,0.10597924811151728,0.13223405182361603,0.026254803712098748,24.773532724512233
mp-17382,Rb2Si3SnO9,0.8509533414382433,0.7396548986434937,0.11129844279474965,13.07926502840191
mp-17429,KHfPdF7,-0.652484293720646,-0.5164646506309509,0.13601964308969505,20.846424105333387
mp-17470,Ba3Sn2As4,0.5076839803734947,0.5895100235939026,0.08182604322040787,16.117515301587773
mp-17516,Ca10P6SeO24,0.22637020422731025,0.09460502117872238,0.13176518304858786,58.20782973552274
mp-17612,Ba2SiO4,0.1540201219278038,0.33051198720932007,0.17649186528151628,114.59013476449915
mp-17660,SrPrCuSe3,0.39338693723389156,0.5292928218841553,0.1359058846502637,34.54763536529422
mp-17697,KSmF4,4.421696543529114,1.8315446376800537,2.5901519058490603,58.57823756900711
mp-17698,K6CdTe4,-0.9217300280623142,-0.8520199656486511,0.06971006241366307,7.562958815631671
mp-17715,SrTa2O6,1.520168966197722,1.1729421615600586,0.3472268046376634,22.841329638912068
mp-17769,YSO4F,0.7334887672396306,0.664373517036438,0.06911525020319265,9.422809631195443
mp-17777,Sr5As3O12F,-0.2955508148594039,-0.04996255785226822,0.24558825700713566,83.09510400909033
mp-17786,BaSm2Te4,-0.12025717648642771,0.2525014579296112,0.3727586344160389,309.96789156953855
mp-17808,Nb2Zn4O9,0.6978546566258044,0.7945864200592041,0.09673176343339973,13.861305146419353
mp-17830,Rb3Ge4Au,-0.6160916417018304,-0.43938976526260376,0.17670187643922664,28.681102692956994
mp-17832,RbBaPO4,0.16034677630477745,0.5705953240394592,0.4102485477346818,255.85082356436413
mp-17834,La2SiSeO4,0.8480206888578918,0.9068731665611267,0.05885247770323487,6.939981356173865
mp-17841,Mg4Nb2O9,1.5995763888406376,1.9328057765960693,0.33322938775543176,20.832352245268776
mp-17854,LiInGeO4,1.0764340410211555,0.6886869072914124,0.3877471337297431,36.02144850063531
mp-17862,Ag3Ge5P6,-0.02019143576820846,0.8782238960266113,0.8984153317948198,4449.48710982396
mp-17911,Ba2ZnO3,0.672483507452795,0.6221410632133484,0.05034244423944656,7.486048904029123
mp-17927,BaDy2Te4,0.09190346501681332,-0.0341527983546257,0.12605626337143902,137.1616003252735
mp-17929,RbHo2Cu3S5,0.04724940241796416,0.25272446870803833,0.20547506629007417,434.87336511149783
mp-18006,Rb2Cu2SnS4,-0.501367193368151,-0.7281234264373779,0.22675623306922688,45.22757692738006
mp-18109,RbDyS2O8,0.5025618943322707,0.08300070464611053,0.4195611896861602,83.48448109931027
mp-18138,K2WSe4,-1.7865299519493447,-1.6962966918945312,0.09023326005481347,5.050755513858406
mp-18305,Rb3AsSe4,-1.3371883352768352,-1.377431869506836,0.04024353423000071,3.009563661925691
mp-18315,Cs6Si2O7,-0.7605143296506806,0.05621732771396637,0.8167316573646469,107.3920142622149
mp-18411,Na3GeSe3,-1.0848156821841264,-0.7168024778366089,0.3680132043475175,33.9240306340865
mp-18447,K3Na2SnAs3,-0.046466070165849145,-0.4420205056667328,0.39555443550088365,851.2758537338103
mp-18498,Sr3YRhO6,1.5149236934789538,1.6258792877197266,0.11095559424077273,7.324170499041323
mp-18504,Ca3Ge2As4,0.8186750270206595,0.7400894165039062,0.07858561051675328,9.599121497909103
mp-18510,Sr2SiO4,0.5614367758785926,0.5960825085639954,0.03464573268540272,6.170905465033992
mp-18513,Ba2MnSe3,0.4401556730735649,0.05244088172912598,0.3877147913444389,88.08583305017147
mp-18651,Sr3DyRhO6,1.3496697794799544,1.5449426174163818,0.19527283793642747,14.468193694880584
mp-18652,Sr3HoRhO6,1.4702831386213018,1.5112829208374023,0.040999782216100567,2.788563722124056
mp-18662,Ho2Si2O7,1.1374185333775355,1.0942420959472656,0.04317643743026989,3.796002629046192
mp-19803,CdIn2O4,2.422419022108726,2.3267662525177,0.09565276959102587,3.9486467336175277
mp-19886,ThSnPt,1.541471138265619,1.635474681854248,0.09400354358862906,6.098300594482542
mp-20009,NaPr2OsO6,0.8030482203450378,0.8670108914375305,0.06396267109249276,7.964985099526222
mp-20015,As2PbO6,2.1910253121643364,1.9182062149047852,0.2728190972595512,12.451663417345706
mp-20042,TlInS2,0.4913847748932645,-0.02194404974579811,0.5133288246390626,104.46575695198628
mp-20805,PdPbF4,0.8434480402259064,0.08856242150068283,0.7548856187252235,89.4999552696853
mp-20832,ZnIn2Te4,1.1533901366950554,0.9189633131027222,0.23442682359233324,20.325024129655212
mp-20845,Dy2Sn2O7,1.169767737040086,1.135679006576538,0.03408873046354799,2.9141452088432684
mp-21461,Rb2PbO3,0.12102110164388226,0.2075941413640976,0.08657303972021534,71.53549136824577
mp-21510,K2NaInAs2,0.35945038526374584,0.3212601840496063,0.03819020121413952,10.624609898836956
mp-21511,K2NaInP2,0.6380072780497874,0.5891975164413452,0.04880976160844219,7.6503455818937045
mp-21741,K2In2As3,-0.5929388797936631,-0.594616174697876,0.001677294904212867,0.2828782124721774
mp-21836,K2In12Se19,-1.4488302527221573,-0.8950478434562683,0.553782409265889,38.22272541765374
mp-21855,VCu3Se4,1.9580657549691614,2.2727739810943604,0.314708226125199,16.072403356554055
mp-21949,K4PbO3,-0.29423994341585863,-0.1691867858171463,0.12505315759871233,42.5004015929852
mp-21964,TlCu7S4,-1.0035839623868483,-0.8151329755783081,0.18845098680854022,18.777799752832102
mp-21989,Ca3Sc2Ge3O12,1.2269741891605401,0.687292218208313,0.5396819709522271,43.9847859653398
mp-22147,HfPbS3,0.31963337010037846,0.3502231538295746,0.03058978372919613,9.570272252734323
mp-22170,Li4PbO4,1.8873106518418494,1.5414948463439941,0.3458158054978553,18.323205305939933
mp-22323,In2O3,2.437176379319078,2.1948394775390625,0.24233690178001543,9.943346892592233
mp-22574,HgP14Pb,0.874979629457215,0.4693627655506134,0.40561686390660157,46.357292244417394
mp-22607,ZnIn2Se4,1.392914665459547,1.6049418449401855,0.21202717948063854,15.221835532235353
mp-22841,Ba2In2S5,-0.05169367768814273,-0.35269349813461304,0.30099982044647033,582.2758873190257
mp-22867,RbBr,1.0256937293132264,0.2943532168865204,0.7313405124267061,71.30203602944805
mp-22894,AgI,1.012821359989754,0.7667883634567261,0.2460329965330279,24.29184516166966
mp-22903,RbI,0.40756276196650343,0.04281720146536827,0.36474556050113516,89.49432934972423
mp-22905,LiCl,1.4579498465561191,0.7012665271759033,0.7566833193802158,51.90050406518492
mp-22925,AgI,1.580570844784728,1.5387041568756104,0.04186668790911763,2.648833365948859
mp-22951,BaIF,0.695340442486298,0.3514225482940674,0.3439178941922306,49.460361166754325
mp-22956,K2PdCl4,-0.2658676233201961,-0.4188946485519409,0.15302702523174483,57.557600779184625
mp-22957,SrClF,1.2431640424381019,1.3824050426483154,0.13924100021021357,11.2005331120367
mp-22958,KBrO3,-0.12571587890834032,0.19101010262966156,0.3167259815380019,251.93792883469192
mp-22964,PbClF,0.5733000776851872,0.08729038387537003,0.4860096938098172,84.77404987841231
mp-22996,SbSeI,0.31187034844968414,0.2906191647052765,0.021251183744407653,6.814108442834613
mp-23060,Cs2PtI6,-1.7096577181017172,-1.5812251567840576,0.12843256131765957,7.512179774806736
mp-23122,Li10B14Cl2O25,1.3717638305997377,0.5807080268859863,0.7910558037137514,57.66705507666726
mp-23138,SbPbClO2,1.2163870786055588,1.0220916271209717,0.19429545148458716,15.97315976977686
mp-23155,Ar,7.128277232445677,3.7720272541046143,3.3562499783410624,47.08360616313389
mp-23162,ZrCl2,3.063918653344335,2.2085819244384766,0.8553367289058587,27.916430743754884
mp-23193,KCl,1.8430411764057242,1.4378459453582764,0.4051952310474478,21.98514261290974
mp-23218,AsI3,-0.14217214956096969,-0.6069636940956116,0.4647915445346419,326.92165516940344
mp-23221,PrBr3,0.45305831261981455,0.23571455478668213,0.21734375783313242,47.97257919766217
mp-23231,AgBr,-0.7985225806848412,-2.793487310409546,1.9949647297247046,249.8319744463272
mp-23237,BiF3,0.20569787534633127,0.5601453185081482,0.3544474431618169,172.3145864122503
mp-23420,Ge19P4I4,1.9829323221010857,1.899402141571045,0.0835301805300408,4.212457460047525
mp-23426,Al4Bi2O9,1.5576834500491445,1.3450210094451904,0.21266244060395412,13.652481227636121
mp-23432,BaClF,1.1555371263684668,1.0643224716186523,0.0912146547498145,7.893701783211146
mp-23451,Cs3Cr2Br9,-1.2283187910996998,-1.939265251159668,0.7109464600599682,57.87963720912109
mp-23571,KBa4Bi3O,-0.22045932173353028,0.00575956329703331,0.2262188850305636,102.6125288110951
mp-23592,Ag2Hg7As4I6,-1.795441148838699,-1.660611867904663,0.1348292809340359,7.5095349697896925
mp-23656,Na4Ga3Si3ClO12,0.7863243941522542,0.6054375767707825,0.18088681738147172,23.004095857472155
mp-23691,TlB6H6,-0.49316013046797397,-0.11974939703941345,0.3734107334285605,75.71794846315339
mp-23703,LiH,3.2849829809344486,2.964426279067993,0.32055670186645546,9.758245437706032
mp-23705,Na3AlH6,0.7749130918661888,1.07637619972229,0.3014631078561012,38.90282807457814
mp-23720,BeAlH5,2.6596209167435316,2.437647819519043,0.22197309722448866,8.346042694545917
mp-23736,LiMgH3,2.5938753656509657,2.445798397064209,0.14807696858675667,5.708715636365778
mp-23737,KMgH3,2.5247463308291045,2.7843692302703857,0.25962289944128125,10.28312810166649
mp-23768,AlZnH4O2F5,0.4590473964372116,0.3234699070453644,0.13557748939184722,29.534529646415603
mp-23774,K2LiAlH6,1.9547231114141288,1.9194326400756836,0.035290471338445206,1.805394898764695
mp-23860,SrHCl,1.80744843414455,1.7965378761291504,0.01091055801539964,0.6036442207306189
mp-23872,Ca3Al2H6SO8F8,0.20231342782926545,0.014211799018085003,0.18810162881118045,92.97535553098409
mp-23947,Cs3MgH5,-0.2195541107826132,-0.682763397693634,0.4632092869110208,210.97727811148005
mp-23956,K2MgH4,2.0267948887172,2.059143543243408,0.032348654526208165,1.5960497387420534
mp-24084,KH,2.387199898459462,1.5646884441375732,0.8225114543218885,34.45507244084092
mp-24119,Ca2HN,2.138073337153883,1.6114301681518555,0.5266431690020275,24.631670011051803
mp-24204,CaHI,1.1168549532487964,1.607536792755127,0.4906818395063306,43.93424930238222
mp-24241,Rb3B12H12I,-0.8297559747857985,-0.574328601360321,0.2554273734254775,30.78343286306749
mp-24409,PH4I,0.845260090514324,0.6398975849151611,0.20536250559916291,24.295776874335083
mp-24668,CsHF2,7.902950344236141,-0.1931794434785843,8.096129787714725,102.44439652362836
mp-24747,Na3H6Rh,0.4086932314841994,0.476114422082901,0.06742119059870161,16.496772005216876
mp-24798,Rb3B12H12Cl,-0.4411028957401504,-0.5488988161087036,0.10779592036855323,24.437817436604362
mp-24822,Na5Al3H14,0.20549291527069025,0.5745770931243896,0.3690841778536994,179.60919838404882
mp-27267,ReP4,3.3674586877048958,2.8483762741088867,0.519082413596009,15.414663155074715
mp-27439,TmIO,1.7878650383350285,1.8919169902801514,0.10405195194512284,5.819899696792691
mp-27482,Ag4P2S7,-1.0479138258418,-0.837621808052063,0.21029201778973694,20.06768234218183
mp-27528,Cd4As2I3,-1.471858871604553,-1.2632324695587158,0.20862640204583727,14.174348238863576
mp-27687,LiP7,0.22167781690977026,-0.0011361278593540192,0.22281394476912428,100.51251310356257
mp-27689,PH4Br,0.5970031206539405,1.075674295425415,0.4786711747714746,80.1790071460852
mp-27805,Ba3SiS5,-0.12787155426156413,-0.7175754904747009,0.5897039362131368,461.1689750848607
mp-27869,Ba2PCl,0.9605858184169032,0.5976919531822205,0.3628938652346827,37.77839088159257
mp-27904,FeSbS,2.8932514365869704,2.3404226303100586,0.5528288062769118,19.10752723686737
mp-27976,SmBr3,0.8084271888880222,0.2482096552848816,0.5602175336031406,69.29721579177838
mp-27984,PrClO,1.8751966223200034,2.134713649749756,0.25951702742975247,13.83945685165946
mp-27985,YClO,1.817601574303926,2.137809991836548,0.32020841753262186,17.617085177495504
mp-28034,Cu2P7,2.17410221379743,1.6981582641601562,0.4759439496372737,21.891516719720308
mp-28067,ThIN,2.422446000567026,2.3501510620117188,0.07229493855530711,2.9843777132033042
mp-28171,K3IO,0.03537097606933045,-0.539893388748169,0.5752643648174994,1626.37401831922
mp-28232,MgTi2O5,1.7773482095579818,1.6626195907592773,0.11472861879870444,6.45504455355076
mp-28448,DyCl3,0.9984083078716313,1.2728018760681152,0.274393568196484,27.48310145589891
mp-28534,CaInBr3,-0.745943050081024,-0.30465444922447205,0.44128860085655197,59.158484124038615
mp-28593,Li3BrO,1.461476893127322,1.552443265914917,0.0909663727875949,6.224277182579446
mp-28657,Na2MgCl4,0.2189384340292245,0.8763630390167236,0.6574246049874991,300.2782987384226
mp-28828,Li6FeCl8,0.35723009212845697,0.5717710852622986,0.21454099313384162,60.05680872391189
mp-28830,Na2ZnBr4,-0.7076431339058693,-0.8520917296409607,0.1444485957350914,20.412632980383858
mp-28913,Ti6CCl14,0.7403353763118059,-0.09817852824926376,0.8385139045610697,113.26135848571337
mp-28967,BaPd2S4,0.8060202663753254,1.220689296722412,0.4146690303470867,51.44647692443939
mp-28995,Cu4SiP8,0.8811144468823895,0.719322681427002,0.16179176545538754,18.362173725314413
mp-29070,La5C2Br9,-0.6920576509051306,-0.8700509667396545,0.17799331583452394,25.719434732313047
mp-29169,CdAu2F8,0.19422976134761488,-0.09154552221298218,0.28577528356059706,147.13259264585218
mp-29212,Tl4PbI6,-1.545042402881574,-1.2550601959228516,0.28998220695872234,18.76855977660499
mp-29245,Cd2P3Br,0.7222714333095371,0.8512181639671326,0.12894673065759543,17.85294623473416
mp-29345,LiGaI3,-1.2679790787773004,-1.1401991844177246,0.12777989435957582,10.077445006647325
mp-29371,Rb2GaSb2,-1.3870846357726614,-1.290766954421997,0.09631768135066432,6.943893607257176
mp-29415,Cd3PCl3,-0.268485587772259,-0.44678619503974915,0.17830060726749014,66.40974986662314
mp-29432,NaScCl4,-0.5797625538676907,-1.1001777648925781,0.5204152110248874,89.76350879392132
mp-29450,CuSe3I,-0.6874581189572148,-0.9886730313301086,0.3012149123728939,43.81574732578591
mp-29460,Tl3PdCl5,-1.9815017460991649,-1.753103256225586,0.2283984898735789,11.52653487806458
mp-29537,Cl2O,-1.2988468317129325,-0.6484273076057434,0.6504195241071891,50.07669174119701
mp-29567,CuSe2Br,-0.5146639616983566,-0.6226691603660583,0.10800519866770175,20.985576357686252
mp-29585,K4CdAs2,-0.0028958239451240377,-0.09484785050153732,0.09195202655641328,3175.332074701616
mp-29699,TiNb3O6,1.833150120334054,1.5844788551330566,0.24867126520099725,13.565242826685795
mp-29746,Cd4P2Cl3,-0.49850013771573315,-1.1424355506896973,0.6439354129739641,129.1745707282361
mp-29883,Rb3PbCl5,-1.3986790309282204,-1.2131097316741943,0.1855692992540261,13.267468457782966
mp-29889,Tl2PdCl4,-0.546137408573259,-0.7710480093955994,0.22491060082234038,41.18205369046255
mp-29976,Na3BS3,-0.364667283739685,0.39168256521224976,0.7563498489519347,207.4081999337921
mp-30107,RbNb4Cl11,0.23904402650678536,0.5618339776992798,0.32278995119249443,135.0336822507179
mp-30129,Li4TaN3,1.8246532289331305,1.2145030498504639,0.6101501790826667,33.43924036675285
mp-30133,BaCu2Te2,-0.3039946438201682,0.09080000221729279,0.394794646037461,129.86894804337626
mp-30284,HgAsO3,1.051104306582135,1.4336564540863037,0.38255214750416866,36.395260214289245
mp-30292,Nd4Se3N2,0.8259445999459573,0.7760848999023438,0.04985970004361351,6.036688180645033
mp-30847,TiSnPt,3.3047598468227406,2.8762874603271484,0.42847238649559216,12.965310835143853
mp-30996,RbAuBr4,-1.7961699796554056,-1.6472203731536865,0.14894960650171907,8.292623091846519
mp-31033,HfF4,0.7598887654828594,0.7417747378349304,0.01811402764792902,2.3837735824951625
mp-31045,KAuI3,-1.6588739279638796,-2.0649445056915283,0.40607057772764876,24.47868827657472
mp-31104,KBi,-1.2145046289590498,-1.3671085834503174,0.15260395449126762,12.565119214248222
mp-31280,K4P21I,-0.7042924031590029,-0.3825196921825409,0.321772710976462,45.687374950119654
mp-31305,HfTe6Cl6,-1.778886603869947,-1.7031834125518799,0.07570319131806702,4.2556502001519165
mp-31468,LiCaN,2.0308602747685396,2.0390985012054443,0.00823822643690475,0.4056520549077988
mp-32692,Pr2S3,0.48955882674028367,0.3734225630760193,0.11613626366426438,23.722637060300812
mp-32750,CuI,1.4752406443958266,-1.0620341300964355,2.5372747744922624,171.9905687340511
mp-32798,La2Se3,0.24718308132541664,0.02399776503443718,0.22318531629097946,90.29150178654658
mp-34022,Mg2SnO4,2.898839477841354,3.0439059734344482,0.14506649559309404,5.00429557076127
mp-35205,LiErSe2,1.2461872043804134,1.1430447101593018,0.10314249422111166,8.276645263132247
mp-35269,Ca4Sb2S,-0.5633228102426528,0.12264355272054672,0.6859663629631996,121.7714515532786
mp-35906,YAg3Cl6,-0.9846991848954217,-1.0122349262237549,0.02753574132833314,2.7963607313493943
mp-35907,La5TlTe8,-0.0008838071992157202,0.15833008289337158,0.1592138900925873,18014.55003239075
mp-36111,LiMgP,2.350179616879945,2.4342901706695557,0.08411055378961052,3.5788989567220453
mp-36248,H4BrN,0.5914709277604062,0.6343254446983337,0.04285451693792752,7.245413920882868
mp-36329,SrUO4,1.8714000162068445,1.8879294395446777,0.01652942333783325,0.8832651060534278
mp-36866,Al2CdO4,2.315160016723947,2.571103572845459,0.2559435561215122,11.055113006127481
mp-37108,SrNd2S4,0.6721601569698026,0.6565738916397095,0.015586265330093108,2.3188320772177717
mp-37879,LiYSe2,1.1844719348572992,1.1395652294158936,0.044906705441405625,3.791284885683325
mp-37906,LiMgN,3.038542766787565,2.6695713996887207,0.36897136709884437,12.143036824488455
mp-38307,MgAl2O4,3.697605503850624,3.4022040367126465,0.29540146713797766,7.988993602220451
mp-504810,Rb2Li14Pb3O14,0.6223079846554687,0.606554388999939,0.015753595655529695,2.5314789531828734
mp-504851,Rb2Na3InO4,-0.08044237554640718,0.17590022087097168,0.2563425964173789,318.66611928870117
mp-505045,Na5In2Te6,-1.0792469230676773,-1.1129982471466064,0.03375132407892911,3.1273032479901395
mp-505089,TbLi4F8,0.1256381685690009,0.38343626260757446,0.25779809403857357,205.19090414549459
mp-505222,CdInBr3,-1.2691733727723236,-1.184319257736206,0.0848541150361175,6.685778070711184
mp-505357,InSeI,-1.1919503897262222,-0.6147810220718384,0.5771693676543839,48.42226426780675
mp-505464,Cs2Te13,-1.7134443345736472,-1.3430328369140625,0.3704114976595847,21.61794755659532
mp-505709,CsSmZnSe3,-0.28476491076039306,0.13939860463142395,0.424163515391817,148.9521704971287
mp-531265,Ca3B2N4,0.3555238230970474,0.21519966423511505,0.14032415886193234,39.469692252839
mp-531297,Ga4GeS4,1.5551406130955958,0.9397954344749451,0.6153451786206507,39.568459175905076
mp-540584,K2PdO2,1.8669898518991894,1.6368694305419922,0.23012042135719724,12.325745698248332
mp-540619,K3SnTe3,-1.7411585233369122,-1.185251235961914,0.5559072873749982,31.92743681428889
mp-540696,Ca3Si2As4,1.1992775417911503,0.9912716746330261,0.2080058671581242,17.344264351641435
mp-540789,PbI2,-0.11014795952505649,0.1578058898448944,0.2679538493699509,243.26719307859418
mp-540939,TiTl4S4,-1.355360993213791,-1.5892205238342285,0.2338595306204374,17.254409105128275
mp-541141,K3IrCl6,-1.1441695959999558,-1.1412229537963867,0.0029466422035691053,0.25753544001436823
mp-541568,Sr2Li3NbN4,0.3885880611042529,0.6662695407867432,0.27768147968249024,71.45908674944906
mp-541715,Ba3GaP3,0.1671517224141871,0.4319845736026764,0.2648328511884893,158.43860138770037
mp-541915,K2AgAs3Se6,-1.6059209216727288,-1.5029325485229492,0.1029883731497796,6.413041374571969
mp-541923,TlCu5Se3,-1.0480497171286323,-0.9967377781867981,0.05131193894183417,4.895945116269365
mp-541995,LaSiO3F,0.45890011858435703,0.667115330696106,0.20821521211174893,45.37266469968756
mp-542802,YCuPbS3,0.31912808681567234,0.4537807106971741,0.13465262388150173,42.193911925802006
mp-542826,Sc2PbSe4,0.00921730878221482,0.15760572254657745,0.14838841376436263,1609.8887134028128
mp-543011,ZnS,3.995861109551726,3.880843162536621,0.11501794701510493,2.878427048932343
mp-545500,BaSbClO2,1.6190632614733953,1.1040441989898682,0.5150190624835271,31.809693588800513
mp-545728,PrBi2IO4,2.06623906460965,2.2197113037109375,0.1534722391012875,7.427612890006083
mp-546350,TmBi2BrO4,2.139345578206451,2.09775710105896,0.041588477147491254,1.9439812609591343
mp-546621,ErBi2BrO4,2.171989345713348,2.246817111968994,0.07482776625564602,3.445125842966337
mp-549737,Ba2CaB2O6,0.8839078287900827,1.442613124847412,0.5587052960573294,63.208547074653765
mp-551243,BaBiIO2,1.2384175995683573,0.6358770728111267,0.6025405267572306,48.65406684847198
mp-551250,ErBi2IO4,1.992204754352659,2.146148204803467,0.1539434504508077,7.727290586696227
mp-551456,Ba2CuClO2,1.0922411284173594,1.28696870803833,0.19472757962097065,17.82825921443994
mp-552008,DyBi2ClO4,2.1446669225417736,2.1422975063323975,0.0023694162093761406,0.11047944948803534
mp-552191,TbBa2BiO6,0.8183459484247443,0.8591955900192261,0.04084964159448179,4.99173261297552
mp-552234,SrBiBrO2,1.458041376265626,1.6187832355499268,0.16074185928430085,11.024506018889337
mp-552738,TmBi2IO4,1.8532969409222062,2.0871126651763916,0.2338157242541854,12.616204078869195
mp-553310,CsCuO2,1.3864148740516906,1.9184150695800781,0.5320001955283875,38.3723664168185
mp-553342,CsBe2BO3F2,1.3830143385340359,0.5161942839622498,0.8668200545717861,62.67614372607271
mp-553874,Ba2LaAg5S6,-0.26043060612575863,-0.16271953284740448,0.09771107327835415,37.51904383740931
mp-553875,Zr2SN2,2.86507688872667,2.831355333328247,0.03372155539842314,1.1769860533624303
mp-554066,Ba3Lu2Zn5O11,0.46148288721395486,0.638523519039154,0.1770406318251992,38.36342294164395
mp-554120,DyCuS2,0.8960601947457708,0.917352557182312,0.0212923624365412,2.3762200978676713
mp-554245,BaPb2IF5,-0.1352641644167373,-0.025758419185876846,0.10950574523086046,80.95695242199008
mp-554264,Tb2Ba3P4S16,-0.8941345731779398,-0.8537850975990295,0.04034947557891022,4.512684867502641
mp-554395,Na5Li3Ti2S8,-0.5290639955593007,-0.3524165153503418,0.17664748020895893,33.38867919413337
mp-554560,Li4Be3P3BrO12,1.654543836411046,1.720825433731079,0.06628159732003303,4.006034525129764
mp-554921,HgBi2S4,6.022686604369081,-0.24853068590164185,6.271217290270723,104.12657510223673
mp-554923,SrGa2O4,0.11211968990727497,0.5347018837928772,0.42258219388560225,376.9027494056445
mp-555178,Rb5H5O2F6,-1.2250021327590856,-0.9981873631477356,0.22681476961135005,18.51545916091531
mp-555188,Ba17Ho16Zn8Pt4O57,0.4704593061544499,0.4956294596195221,0.025170153465072176,5.3501234082951505
mp-555356,Ba13Dy8Zn4Pt4O37,0.47306140389541185,0.3570621609687805,0.11599924292663133,24.52096957634645
mp-555393,KBi6BrO9,-0.5602135527817096,-0.24034491181373596,0.3198686409679736,57.09762632119188
mp-555487,SnO2,2.4409563070091624,2.637117385864258,0.19616107885509537,8.03623884179419
mp-555495,K3YB2O6,7.988541036114236,0.3318820595741272,7.6566589765401085,95.84552350580951
mp-555527,Sm3Si2S8Br,-0.2990045752406736,-0.14376740157604218,0.1552371736646314,51.91799273963568
mp-555736,BaHg2Cl2O2,-0.13214611147777824,-0.01642792671918869,0.11571818475858955,87.56836161467285
mp-555740,SiO2,1.3212028183059903,1.3085172176361084,0.012685600669881891,0.9601554351925329
mp-555852,Rb2Ag2GeS4,-1.3445553187174102,-0.7025368809700012,0.642018437747409,47.7494996903392
mp-555954,BaSnHgS4,-0.4412096365283585,0.11579737067222595,0.5570070072005844,126.2454309890811
mp-556094,AgBiSCl2,-0.2410503320440906,0.07808072119951248,0.3191310532436031,132.39187456718818
mp-556301,Li6CaCeO6,1.2307842057495093,1.699660062789917,0.4688758570404077,38.095699867620326
mp-556364,Ca2SiCl2O3,0.05638849843043621,0.3659885823726654,0.3096000839422292,549.0482856608924
mp-556528,In4GeS4,0.6665791977187786,0.24496549367904663,0.421613704039732,63.250354268871966
mp-556532,CaAlB3O7,2.1587750014061147,2.4816315174102783,0.32285651600416365,14.95554264774567
mp-556999,ErSeO3F,1.026964789895386,1.0280933380126953,0.001128548117309336,0.109891607620189
mp-557071,KBi6ClO9,-1.1438618395067115,-0.07526637613773346,1.068595463368978,93.41997664943592
mp-557112,Li4Ga3Si3IO12,1.0269115488806737,1.043424367904663,0.016512819023989378,1.6080079186944807
mp-557154,NaGaO2,1.7336223428404849,0.28685176372528076,1.4467705791152041,83.4536186667228
mp-557181,K3Na3N2O8,-0.5981560763457319,-0.12807440757751465,0.4700816687682172,78.58846333887476
mp-557200,K4Nb11Al2O20F,1.913963865301121,1.3814895153045654,0.5324743499965556,27.82050171635723
mp-557450,Na2PtO3,2.205076477446336,2.1407339572906494,0.06434252015568642,2.9179269206209337
mp-557463,Na3ScSi2O7,0.8330808909760424,0.6724039912223816,0.16067689975366084,19.287070618725974
mp-557672,Ga2Pb2S5,-0.6737142344208892,-0.7894542217254639,0.11573998730457469,17.179388736540854
mp-557862,BaAg2Hg2O4,0.2485815108776917,0.13390547037124634,0.11467604050644536,46.13216811722929
mp-558362,CaMgGeO4,1.7319485067109526,1.5665528774261475,0.1653956292848051,9.549685146176706
mp-558428,Ba9Sc2Si6O24,-0.05613393779729985,0.21884037554264069,0.27497431333994055,489.8539531163397
mp-558491,BaAlBO3F2,1.0095125466197894,1.1893813610076904,0.17986881438790103,17.817392660464343
mp-558543,CaC2O4,0.07965522948746695,0.4510873854160309,0.37143215592856393,466.29977506625033
mp-558629,Ba2ZnSi2O7,0.8763613213656186,0.7118924260139465,0.16446889535167208,18.767247177840193
mp-558731,Li2TeS3,0.36695327509227676,-0.17277811467647552,0.5397313897687523,147.0844999633884
mp-559025,BaErAgS3,-0.0014279971674720892,0.18829816579818726,0.18972616296565933,13286.17221990166
mp-559309,K3ZnNCl4O3,-1.473673463662675,-1.2871556282043457,0.18651783545832923,12.656659704976766
mp-559434,TbB3O6,1.5543079748370934,1.4115729331970215,0.1427350416400719,9.18318917169758
mp-559571,ZrB2O5,2.3839292256183313,2.2585744857788086,0.12535473983952272,5.258324722581009
mp-559756,PrScO3,1.2665458504479608,1.295353889465332,0.02880803901737128,2.2745358178057473
mp-559766,Cs3LiF4,-0.5417406268462723,-1.033421516418457,0.4916808895721847,90.75946406945535
mp-559814,Li5SbS3I2,-1.0626015044411818,-1.0816566944122314,0.019055189971049602,1.7932583279251666
mp-560072,Li4Be3As3ClO12,1.8897699869793516,1.2961628437042236,0.593607143275128,31.41160815152759
mp-560189,NaLi2BO3,0.40282121889992073,0.37994977831840515,0.02287144058151558,5.677814253175648
mp-560278,Er3B5O12,1.2204544403587185,1.3255271911621094,0.10507275080339085,8.609313656354729
mp-560303,BaCa2C2O6F2,0.5338314557131426,0.48956942558288574,0.04426203013025687,8.291386664565776
mp-560534,Ba3Er2P4S16,-0.8587689105511407,-0.9046226739883423,0.0458537634372016,5.339476414880177
mp-560588,ZnS,3.999129916721562,3.4721124172210693,0.5270174995004928,13.178304043008819
mp-560739,K3Li3TeO6,0.6963800620509346,0.299523264169693,0.3968567978812416,56.98853535703535
mp-560785,K2Y4Sn2S11,-1.0980432757455727,-0.0031960271298885345,1.0948472486156842,99.70893431975908
mp-560790,Cs2NaBiF6,-0.6346170451814215,-0.7572277188301086,0.12261067364868716,19.32041923230029
mp-561095,LiHo3Ge2O8F2,0.5871809146873118,1.0130525827407837,0.4258716680534719,72.52818635637348
mp-562764,Ba7B4S13,-0.12773083288567202,-0.33778658509254456,0.21005575220687253,164.45187701460227
mp-567486,BaSr2P6N12,0.9983428522235751,1.0723774433135986,0.07403459109002353,7.415748099475926
mp-567524,K3Ga3As4,0.023974413892458128,0.023757537826895714,0.0002168760655624144,0.9046146718549782
mp-567680,BaCl2,-0.65224088716542,0.22492611408233643,0.8771670012477564,134.48512942202154
mp-567855,RbGeI3,-0.822055102848314,-0.9261237978935242,0.10406869504521021,12.659576552061502
mp-568032,CdIn2Se4,1.6609630600674263,1.7065129280090332,0.04554986794160687,2.7423769400240476
mp-568525,Sr2SnSe5,-0.5576345187507273,-0.7357714176177979,0.17813689886707051,31.945098963054136
mp-568560,TlBr,0.39641478526012774,0.8584226369857788,0.46200785172565106,116.54657417040615
mp-568758,BiBr,-0.25463899220868497,0.07662222534418106,0.331261217552866,130.09053117889607
mp-569059,HfI4,-1.535326824400888,-1.6980013847351074,0.16267456033421945,10.595435300734616
mp-569178,HoTlSe2,0.8409570778531574,0.8087360858917236,0.0322209919614338,3.8314668857641774
mp-569346,CuI,2.147845952343842,-0.952619731426239,3.100465683770081,144.3523303143175
mp-569465,Cs2Nb6PbCl18,-0.8376498110525744,-0.561928391456604,0.2757214195959704,32.91607255894969
mp-569467,Ag5Te2Cl,-1.4567139300090401,-1.5194001197814941,0.06268618977245399,4.303260130976091
mp-569613,Ba2P7Cl,-1.0515766690845991,0.028244106099009514,1.0798207751836086,102.68588177442126
mp-569766,TeI,-0.37966578216465663,-0.4122742712497711,0.03260848908511449,8.588735307985317
mp-569815,Si2Ru,2.878220739324634,1.948312520980835,0.9299082183437992,32.30843992049058
mp-570079,Al5C3N,3.141293636637544,3.6524910926818848,0.5111974560443406,16.27346931474795
mp-570117,ErTlSe2,0.7034915283313865,0.8363141417503357,0.1328226134189492,18.880485133060738
mp-570158,KRb3CdCl6,-0.8366464221443877,-0.9763582348823547,0.13971181273796707,16.699027096760325
mp-570192,CsZr6MnI14,-0.9731259423726076,-1.6695857048034668,0.6964597624308592,71.56933466728876
mp-570339,Tl4CdI6,-1.6419873536413723,-1.634676218032837,0.007311135608535357,0.44526138354974126
mp-570379,Cs2LiLuCl6,-0.6896373344741563,-0.9922564625740051,0.3026191280998488,43.88090855472519
mp-570411,K12In2Se9,-1.528442004590994,-1.3939034938812256,0.13453851070976852,8.802330105143282
mp-570423,Ba6Pr3I19,-1.2049047401265707,-1.1557786464691162,0.04912609365745446,4.077176561882722
mp-570431,AgTe3I,-1.3050824193703905,-1.0337116718292236,0.27137074754116686,20.79338005886892
mp-570485,SrAlSiH,2.3877512516670394,2.277707576751709,0.1100436749153304,4.608674158939379
mp-570505,Ca3Al2N4,1.4808974477237908,1.2192766666412354,0.2616207810825555,17.666367207579363
mp-570553,FeP4,3.824066110535131,3.5556607246398926,0.26840538589523844,7.018847952335176
mp-570555,Ca7GeN6,0.9030790686999491,0.9085217118263245,0.005442643126375324,0.6026762567103257
mp-570623,Pr4Te3N2,0.04762886578426759,0.301084041595459,0.25345517581119137,532.1461505281337
mp-570791,SiC,5.910221848446563,5.728855133056641,0.1813667153899221,3.068695558993143
mp-570836,K5Ag2As3Se9,-1.2370943199925017,-1.347022533416748,0.1099282134242463,8.886000982116917
mp-570961,CdBiSe2I,-0.3975896991351338,-0.1588582843542099,0.2387314147809239,60.044667983157
mp-570985,SiC,5.980725680137401,5.755524635314941,0.22520104482245973,3.7654468181072964
mp-571414,KNaB2H8,-0.11951370240500354,0.2540043592453003,0.3735180616503038,312.5315793368528
mp-571473,K2Sm2As2Se9,-1.2108126128185643,-0.6380217671394348,0.5727908456791295,47.306316403970264
mp-571637,K2Cd2Te3,-1.5646843120625893,-1.2760980129241943,0.28858629913839495,18.44373953989328
mp-572767,CsAuF4,-0.8159104481161157,-0.18081267178058624,0.6350977763355294,77.83915229936436
mp-573145,CsGa3S5,-0.8820142965275,0.12229269742965698,1.004306993957157,113.86516045274149
mp-573581,Na2TeSe3,0.21202934518300576,-0.11670723557472229,0.32873658075772805,155.04296373409562
mp-573710,TbCsZnSe3,0.02261599559009974,-0.15637905895709991,0.17899505454719966,791.4533491753757
mp-573763,Cs2Te,-1.6840904378336465,-1.4506721496582031,0.2334182881754434,13.860199127768002
mp-578629,BaIn2O4,0.08447114752942757,0.6575108170509338,0.5730396695215063,678.3850892067899
mp-582034,SiC,6.035357107861486,5.763789176940918,0.2715679309205683,4.499616610371432
mp-583184,Tl3Ag3As2S6,-1.433888895538144,-1.502934455871582,0.06904556033343812,4.815265711889418
mp-601867,Ba3Sn2P4,0.8173508156002506,0.7668484449386597,0.05050237066159091,6.17878757782883
mp-610491,BiSeCl,0.21197825672912401,0.5462228059768677,0.33424454924774366,157.67869516676768
mp-616218,CdIn4I6,-1.5465372123170393,-1.2702746391296387,0.27626257318740066,17.8632994400116
mp-620029,MoCl2,-0.5143588292936434,-0.01811600849032402,0.4962428208033194,96.47794351752408
mp-623862,Rb3Tm2Cu4Br13,-1.873450414626206,-1.3699822425842285,0.5034681720419776,26.873845611890957
mp-630528,InS,1.2944417722302775,0.7867308259010315,0.507710946329246,39.22238583621092
mp-632319,CsH,1.2797442380207418,0.9358981847763062,0.3438460532444356,26.868341581770235
mp-640053,Rb2CuCl3,-0.6567580334464104,-0.13783371448516846,0.5189243189612419,79.01301431185077
mp-640058,PbI2,0.07159016722198486,0.3823333978652954,0.31074323064331055,434.05853443499626
mp-641923,Cs2SnBr6,-1.4387222734187588,-1.8075525760650635,0.3688303026463047,25.635962510670872
mp-642725,CaHClO,1.588548494001473,1.6398038864135742,0.05125539241210131,3.2265550976660196
mp-642996,Li4H6Os,1.682404395930719,1.2830889225006104,0.39931547343010876,23.73480920496551
mp-643006,Cs3H5Pd,-1.5510933327236687,-0.7766015529632568,0.7744917797604118,49.9319907719821
mp-643022,Rb3H5Pd,-0.7948485169033249,-0.703303337097168,0.09154517980615695,11.51731152028951
mp-643243,Cs2H6Pt,1.4921103295802265,0.2591957449913025,1.232914584588924,82.62891557997446
mp-643712,Rb3MgH5,0.07766118970786036,0.2004842460155487,0.12282305630768835,158.1524269325699
mp-643718,BaMgH4,1.5932105462228436,1.5389292240142822,0.05428132220856141,3.4070401013381844
mp-644222,CdHClO,1.003249553253547,1.6402637958526611,0.6370142425991141,63.495093572010205
mp-644264,Ca4Mg4Fe3H22,0.7677818494597565,2.309281587600708,1.5414997381409514,200.77314138457626
mp-650007,Cs4TlSbCl12,-2.1605426093579916,-2.0614161491394043,0.09912646021858729,4.588035421714865
mp-667286,Re6Te7Se8,0.1091931914368183,-0.921733021736145,1.0309262131729633,944.1304898295615
mp-669304,Tb2Cs3Br9,-1.7741883648899786,-1.7858824729919434,0.011694108101964806,0.6591243823589151
mp-672339,Ag2Hg7P8I6,-0.811036308471913,-0.8132238984107971,0.002187589938884127,0.2697277441260061
mp-674333,Na3PO4,0.9390610380435407,0.9811350107192993,0.04207397267575863,4.4804300222503555
mp-675668,YbPr2S4,0.7353740015923937,0.7691484093666077,0.03377440777421392,4.592820483329318
mp-675798,NaHoF4,1.1753141613321472,1.4448482990264893,0.2695341376943421,22.932943936354985
mp-676338,MgIn2O4,2.561504130480047,2.5751054286956787,0.013601298215631719,0.5309887286062164
mp-680185,CsRe6Se8I3,-1.4196389761240786,-0.6666563749313354,0.7529826011927432,53.040428859494156
mp-684911,Sm2Te3,-0.29272857990854384,0.21462224423885345,0.5073508241473973,173.31783056711004
mp-684969,Sc2S3,1.7627402104667016,1.424027442932129,0.3387127675345727,19.215126853258507
mp-685003,Tb2Se3,-0.12503590557355806,0.03759582340717316,0.16263172898073122,130.06802184917652
mp-685120,Al2Se3,0.5384127002589033,1.0131683349609375,0.4747556347020342,88.17690119006132
mp-686748,Ca2Al2SiH2O8,0.39676404007476135,0.7417567372322083,0.3449926971574469,86.95160405475272
mp-690785,Na2H6Pt,2.3353665976670257,2.264192581176758,0.07117401649026789,3.0476592652035444
mp-695890,Mg10Si3H4O18,1.9414781587417105,1.8509137630462646,0.09056439569544583,4.664713599154854
mp-696983,KGaH4,-0.09674130309551965,-0.0754539966583252,0.021287306437194453,22.004361897188797
mp-697038,Ba2H6Ru,2.666280951353946,2.663701295852661,0.0025796555012846945,0.09675107568745661
mp-699464,Ca3Be2Si3H2O12,0.9170757163821157,1.0353872776031494,0.1183115612210337,12.900958896586584
mp-699485,AlH12N3O15,-1.0986412540438482,-1.0137722492218018,0.0848690048220464,7.724906060978771
mp-752437,SmInO3,0.5250820386458221,1.1880273818969727,0.6629453432511505,126.25557426433316
mp-752537,Sr2HfO4,1.827142061413416,2.0655393600463867,0.23839729863297077,13.04755134631155
mp-752569,La3ScO6,1.2895809888572791,1.1471083164215088,0.14247267243577033,11.047981760495547
mp-752579,Tm2TiO5,1.7306159770035379,1.7784700393676758,0.04785406236413792,2.7651462253916366
mp-753160,BiOF,0.7045655321385895,0.6988028287887573,0.005762703349832199,0.8179087802294964
mp-753315,Mg3ZnO4,2.5995927363120117,2.5117757320404053,0.08781700427160644,3.37810623352451
mp-753670,CaPbI4,0.18475504118428926,-0.04571309685707092,0.23046813804136018,124.7425437292794
mp-753746,Rb2O,0.9803948349721221,1.226860523223877,0.24646568825175486,25.13943152900874
mp-753816,Na6MgO4,0.5751141188621558,0.7107021808624268,0.13558806200027096,23.57585347904994
mp-754043,NaLuO2,2.489599075317132,2.169313669204712,0.3202854061124203,12.864939149755324
mp-754138,CsDyO2,2.154671879952894,1.949439525604248,0.20523235434864606,9.524993399604439
mp-754157,AlInO3,3.15427653733086,2.983254909515381,0.17102162781547925,5.421897090868173
mp-754212,BaSr2I6,-1.1783076778536958,-0.7404798865318298,0.437827791321866,37.1573401031703
mp-754359,Y6TeO12,1.7771026664607703,1.482311487197876,0.29479117926289433,16.58830324361577
mp-754363,Ba2HfO4,1.4907118333148526,1.2597239017486572,0.23098793156619535,15.4951430856059
mp-754381,Zr3N4,1.426634854049658,2.3167121410369873,0.8900772869873292,62.389986089345015
mp-754517,SrCa2I6,-0.4164604828485617,-0.47048071026802063,0.054020227419458944,12.97127330064169
mp-754578,TmGaO3,1.6764879942641207,1.7853288650512695,0.10884087078714888,6.4921950625076565
mp-754658,TeO3,2.1286076239360665,2.1869497299194336,0.05834210598336709,2.740857700936216
mp-754710,Sr2CaI6,-0.5389720074012224,-0.5956259965896606,0.056653989188438225,10.51149009790109
mp-754781,Ga3NO3,2.3535019198423504,2.9173877239227295,0.5638858040803791,23.959436757891027
mp-754834,Er2TeO2,2.5389947355426505,2.5655710697174072,0.02657633417475669,1.0467266356531701
mp-754853,CaHfO3,1.291845059792732,1.4433860778808594,0.15154101808812737,11.730587731042693
mp-755044,Tb2CaO4,2.123915125022704,2.342078924179077,0.21816379915637318,10.27177576853694
mp-755116,In2Pt2O7,2.6885276079308147,2.7089760303497314,0.020448422418916756,0.7605807118586586
mp-755138,NdInO3,0.807070097563222,1.2444472312927246,0.4373771337295026,54.1932026784378
mp-755287,Ca3CdO4,2.1156876626733183,2.0433826446533203,0.072305018019998,3.4175658012126227
mp-755313,Sc2O3,2.267472341957823,2.012617826461792,0.2548545154960311,11.239586511382974
mp-755323,DyClO,1.8977361615150155,1.7952637672424316,0.10247239427258381,5.3997176399261555
mp-755393,SrLaI5,-0.5448080815823018,-0.08594903349876404,0.4588590480835377,84.22397970875546
mp-755530,Na3CuO2,0.28534122194279093,0.43518441915512085,0.14984319721232991,52.513687364236674
mp-755556,Ba6ZrO8,0.4689437781957279,0.2693747282028198,0.1995690499929081,42.55713782167121
mp-755558,BaLa2O4,1.818574981367396,1.8067712783813477,0.01180370298604827,0.6490633109432202
mp-755612,DyGaO3,1.7271456947748762,1.5992498397827148,0.12789585499216138,7.405041472707483
mp-755883,NaDyO2,2.3014219807521745,2.217768430709839,0.08365355004233566,3.6348636078897245
mp-755988,Hf3N4,1.9871029496497206,2.769989013671875,0.7828860640221544,39.39836454674675
mp-756044,Na3AsO4,0.9868421477594418,1.1206231117248535,0.13378096396541173,13.556470431380777
mp-756297,ZnIn2O4,2.7757596136663225,2.119086503982544,0.6566731096837786,23.657419988772777
mp-756578,LaMgI5,0.6383421218914149,-0.13067790865898132,0.7690200305503962,120.47145318748215
mp-756630,DyAlO3,2.1543443898202472,2.1767125129699707,0.022368123149723473,1.0382798244987101
mp-756725,Ba2CaI6,-1.1254871327940248,-1.0743308067321777,0.05115632606184706,4.545260853835916
mp-756919,Mg3As2O8,1.4104648531265904,1.2128181457519531,0.1976467073746373,14.012877168581126
mp-757074,BaCa2I6,-0.9468350819017721,-0.5913720726966858,0.35546300920508633,37.54223053196536
mp-757407,Sr2Tl2O5,0.45302539701668687,0.5009201765060425,0.04789477948935561,10.572206283523535
mp-760007,Hf3N2O3,2.4857032374810943,2.44830060005188,0.03740263742921446,1.5047104925975272
mp-760425,Tb2Zr2O7,-0.03629393589465583,-0.09105875343084335,0.054764817536187525,150.89247331880443
mp-766341,NaSb5O13,0.9899580869458461,1.7413761615753174,0.7514180746294713,75.904029123869
mp-766596,TiSi2O6,1.6239986611115065,1.2894032001495361,0.33459546096197035,20.603185764510705
mp-768175,Dy2SO2,2.752600483602737,2.858505964279175,0.10590548067643768,3.847470103537272
mp-768342,SrNb2O4,3.0613657579726743,2.682605266571045,0.3787604914016294,12.37227176841671
mp-768422,TmHO2,0.4153998080932744,1.5260570049285889,1.1106571968353145,267.370657182857
mp-768483,Lu3Sb5O12,0.5995964215988167,0.10853246599435806,0.4910639556044586,81.89908043397631
mp-768505,LuGaO3,2.4766438145407155,2.3088467121124268,0.1677971024282887,6.7751810511923
mp-768638,Dy3Sb5O12,0.1784347272399713,0.1835094541311264,0.005074726891155096,2.844024237686789
mp-768735,Ba2SrI6,-1.2992042010290643,-1.7736222743988037,0.4744180733697394,36.51605136390151
mp-768820,Li3BiB2O6,0.3571970925867643,0.18753153085708618,0.16966556172967812,47.49914410024651
mp-768941,Sr3TeO6,0.6839708846138356,0.6149522066116333,0.0690186780022023,10.090879532272734
mp-769173,PrOF,1.8169854628625366,1.7666747570037842,0.050310705858752414,2.76891075284066
mp-769211,Tb2Pb2O7,1.5354052340125035,1.4791419506072998,0.0562632834052037,3.6643930969396137
mp-769294,Rb8SnO6,-0.4646296527015962,-0.27567994594573975,0.18894970675585643,40.666734388820316
mp-769307,Ca4Ta2O9,1.3640321833268898,0.7262634634971619,0.6377687198297279,46.756134321860564
mp-769398,Na3IO,0.03612148935327034,0.22497309744358063,0.1888516080903103,522.8234258098557
mp-771645,Sr2CaI6,-0.9396334732634933,-0.6193608641624451,0.32027260910104827,34.08484459250815
mp-772156,ErAsO4,2.2755722218712173,2.402682304382324,0.1271100825111069,5.585851386715534
mp-772811,Na2Ge2O5,0.5857018971999688,1.0389056205749512,0.4532037233749824,77.37788208328968
mp-773137,KCaBi,0.26331036596716195,1.5449862480163574,1.2816758820491954,486.7548139783589
mp-776427,ZrO2,1.8634361114339384,1.337346076965332,0.5260900344686064,28.232254985322424
mp-776490,Al2O3,2.520095895270679,2.934933662414551,0.4148377671438719,16.461189747674858
mp-778114,Sm2Ge2O7,1.5758542208534772,1.8242595195770264,0.24840529872354922,15.763215622128662
mp-778152,Sc2Pt2O7,2.585449295599599,2.6899545192718506,0.10450522367225146,4.042052723683964
mp-780420,Lu4Al2O9,0.5780717555926801,1.2497074604034424,0.6716357048107623,116.18552512086562
mp-861503,Pr3Sb4Au3,0.6458148331665827,0.7397783398628235,0.09396350669624076,14.54960491314755
mp-864638,Ba2InBiS5,0.5739615129394801,0.6550947427749634,0.08113322983548332,14.135656835241184
mp-865280,NbAlFe2,3.756997935133606,3.8314270973205566,0.07442916218695084,1.9810807317972083
mp-866301,BaBSbS4,1.2487618651207535,-0.7699070572853088,2.0186689224060625,161.65363299357801
mp-866310,Ba2YB2ClO6,0.260771972746172,2.2102854251861572,1.9495134524399853,747.5931680501517
mp-866474,Ca2SnS4,0.9765771676085934,0.19813163578510284,0.7784455318234905,79.71162521951231
mp-866615,CsAg2AsS3,-1.2967986481197893,-1.475966215133667,0.1791675670138777,13.816143876587958
mp-866688,Cs4P2PdSe8,-1.5379250645315132,-1.7174272537231445,0.1795021891916313,11.671712317551162
mp-867219,Sr2GaGeN,1.2473056589240257,1.160468339920044,0.08683731900398173,6.961991904926573
mp-961684,LiCaAs,1.7740767841166087,1.8718681335449219,0.09779134942831313,5.512238833394563
mp-961713,ZrSnPt,2.974438096216389,2.864858865737915,0.10957923047847418,3.684031300495498
mp-973185,ScAgO2,3.0825185454754456,2.4926071166992188,0.5899114287762268,19.13731969730094
mp-973981,LuBrO,1.758533836577403,1.126448154449463,0.6320856821279401,35.94390218604807
mp-974381,Rh2S3,3.27726853814038,3.3698275089263916,0.0925589707860115,2.82427178941315
mp-975275,RbNa2Sb,-0.4733047405597209,0.062426283955574036,0.5357310245152949,113.1894482784495
mp-976401,Ge3Rh2Se3,2.255344557901086,2.34356951713562,0.08822495923453433,3.9118173285522286
mp-976876,K2PtC2,2.311830676154995,1.3710777759552002,0.940752900199795,40.69298456426931
mp-978093,Ho2S3,1.5105366239226916,1.212939977645874,0.2975966462768176,19.701385690602656
mp-978844,SrCa3O4,2.257765514767135,2.2821319103240967,0.024366395556961518,1.0792261374173153
mp-980666,SrDy2S4,0.6690350890776322,0.7250453233718872,0.056010234294255,8.371793230079117
mp-983603,ErZnAsO,1.6765154547457815,1.9913649559020996,0.31484950115631816,18.77999396098978
mp-985831,HfSe2,2.1074726018164225,2.380319595336914,0.2728469935204916,12.946644871460053
mp-989400,Rb2NaGaF6,0.7259758313404117,0.473280668258667,0.25269516308174467,34.80765504482137
mp-989405,Cs2LiInBr6,-1.4718381850932951,-1.6733009815216064,0.20146279642831133,13.687835963811553
mp-989608,Cs2NaAsCl6,-1.2112108958369296,-1.1825921535491943,0.02861874228773531,2.362820742952462
mp-989610,Cs2NaInH6,1.4917864204451943,1.4136359691619873,0.07815045128320697,5.2387158250096215
mp-473,Na3P11,-1.0321639357951329,-0.4802837371826172,0.5518801986125157,53.46826986232297
mp-617,PtO2,5.149580238643715,5.111329555511475,0.038250683132240226,0.7427922541180678
mp-667,Tl2S,-1.3922149316100456,-1.430332899093628,0.038117967483582316,2.7379369821511883
mp-757,Li3As,1.0764461439848032,1.0535976886749268,0.022848455309876448,2.12258229894305
mp-2402,NaSi,-0.37654315781377906,-0.46883535385131836,0.0922921960375393,24.510389877588157
mp-3529,K3VS4,-0.9370209343659238,-0.8981536626815796,0.03886727168434423,4.147961935412411
mp-3719,Rb3NbS4,-1.341290873897677,-1.204608678817749,0.13668219507992796,10.190347055947765
mp-3765,SrP2O6,-0.15485876668726523,0.012631870806217194,0.16749063749348242,108.15702660975406
mp-4024,DyAgTe2,0.10253278452337224,0.14152848720550537,0.038995702682133135,38.0324233496693
mp-4117,Li2Si2O5,2.1671555657827595,2.264292001724243,0.09713643594148369,4.482208729044275
mp-4417,Al2S3O12,0.47265281852612717,1.0995430946350098,0.6268902761088826,132.63229405120526
mp-4763,ZnSiP2,3.1328417049520145,1.1798615455627441,1.9529801593892704,62.33893516873953
mp-4888,NbPO5,2.319203138665449,2.68774151802063,0.3685383793551811,15.890733037178064
mp-5416,Na2SeO3,0.8535583145663819,0.8526079654693604,0.0009503490970215189,0.11133968011363207
mp-5874,TlAgTe,-1.072154806197475,-0.9712472558021545,0.10090755039532051,9.411658634745217
mp-6062,YAl3B4O12,0.4359835197833489,2.2911314964294434,1.8551479766460943,425.50873885507497
mp-6368,CsSO2F,-1.6952074559928743,-1.415870189666748,0.2793372663261262,16.47805791194564
mp-6440,CaTiSiO5,0.9559026692013297,1.264552354812622,0.30864968561129236,32.28881930721813
mp-6872,K3SiNO3F6,-1.1560260868011334,-0.59177166223526,0.5642544245658734,48.80983491706791
mp-7013,Ho2Be2SiO7,1.8328717517843673,1.7711031436920166,0.06176860809235074,3.370045287250281
mp-7289,K2Te3,-1.0459215032454936,-0.3461516201496124,0.6997698830958812,66.90462725209261
mp-7324,KBePO4,0.8435041985483112,0.5315818190574646,0.31192237949084656,36.97935114344086
mp-7423,Sm3ReO8,-0.015976540920963705,1.0042846202850342,1.020261161205998,6385.995355648335
mp-7664,Na6ZnO4,0.7988943813730445,0.6076076626777649,0.19128671869527958,23.94393090692649
mp-7714,Li4UO5,0.6131797315551959,0.9532095789909363,0.3400298474357404,55.45353669361008
mp-7974,RbSmO2,2.003502012430594,2.117259979248047,0.11375796681745287,5.677956204268784
mp-8176,RbTlO2,1.4684550642678063,1.255260705947876,0.21319435831993028,14.518275942357977
mp-8249,TlPS3,-1.441589709635812,-0.7280043959617615,0.7135853136740504,49.49988952503851
mp-8453,RbNaO,0.6182838672874195,1.746431589126587,1.1281477218391673,182.46436330106107
mp-8594,Ag7PSe6,-1.4881767302336584,-1.6383614540100098,0.1501847237763514,10.091860780054725
mp-8611,Li8CeO6,0.5380986786257345,1.5288500785827637,0.9907513999570292,184.1207643340321
mp-8686,Na3AsSe3,-0.7677748370674535,-0.7100653648376465,0.057709472229807046,7.516457878488264
mp-8876,Ca4Al6SO12,-0.06468059985925241,0.539277970790863,0.6039585706501155,933.755363995315
mp-9076,NaTmS2,1.6464384017513087,1.605858325958252,0.04058007579305678,2.46471873772453
mp-9092,Er2S3,1.234076325306529,1.3226706981658936,0.08859437285936456,7.179002711794088
mp-9143,LiPF6,0.4978544017695491,1.0214037895202637,0.5235493877507146,105.16114468202682
mp-9392,Sr4Al6TeO12,0.3393724749683355,0.10705791413784027,0.23231456083049523,68.45415523229185
mp-9784,BaBAsO5,0.5069954707424486,0.4254668354988098,0.08152863524363874,16.080742323841175
mp-9890,TaAgO3,1.3413830326768061,0.8980269432067871,0.44335608947001903,33.05216173677676
mp-10694,ScF3,1.8930338212395335,1.6006217002868652,0.2924121209526682,15.446745730152916
mp-10837,Na2MgInF7,-0.020029923892713946,0.29008764028549194,0.3101175641782059,1548.2713056688838
mp-11342,GaSe,2.8960617429766455,3.1824803352355957,0.28641859225895017,9.889933906055536
mp-11691,Nd2HgO4,1.6644290259899064,1.3233973979949951,0.34103162799491127,20.489406437266698
mp-11692,Ba3Si2As4,0.22390501138668953,0.5433908104896545,0.31948579910296504,142.68809667292578
mp-12902,ErAgTe2,0.2092867259801217,0.20452171564102173,0.004765010339099984,2.2767857429967013
mp-12954,CuBS2,2.419488777613607,2.8372700214385986,0.4177812438249915,17.267335467331986
mp-13385,TmAgP2Se6,-1.7266607673485175,-0.957121729850769,0.7695390374977484,44.568050195491644
mp-13852,Ge3N4,3.7715196640092414,2.8515076637268066,0.9200120002824348,24.39366839478264
mp-13985,Li2PdF6,1.0280736818193388,1.203507900238037,0.17543421841869833,17.064362362456333
mp-14006,BaGeF6,0.44552735914387975,0.7919173240661621,0.34638996492228236,77.74830385004893
mp-14383,KGePO5,0.7707921705390828,0.6233415603637695,0.14745061017531325,19.12974934244442
mp-14385,Ba3TmB3O9,0.4318492352484137,0.3201236128807068,0.11172562236770689,25.871441523669407
mp-14420,Er2Be2GeO7,1.3297104756854154,1.4885139465332031,0.15880347084778768,11.94271036828002
mp-14437,RbYO2,2.141050162505707,2.219209909439087,0.0781597469333799,3.6505331963781846
mp-14555,LaCdB5O10,1.193620840332695,0.8515124917030334,0.34210834862966166,28.661392049279787
mp-14565,K3P6N11,0.7804625880370138,0.9878257513046265,0.20736316326761262,26.5692637220656
mp-14972,Ba3ScB3O9,0.748162608570588,0.18165528774261475,0.5665073208279733,75.71981202192413
mp-15073,BaSmC2O6F,-0.6062321220898508,0.7883759140968323,1.394608036186683,230.04522283957525
mp-15362,Li3Nd2B3O9,0.3662052783353686,0.26249992847442627,0.10370534986094232,28.318911822447735
mp-15549,K2LiAlF6,0.2721774831479221,0.756696879863739,0.4845193967158169,178.01597366248401
mp-15840,BaBPO5,1.0501607449205275,0.11506570875644684,0.9350950361640806,89.04303847644252
mp-15895,Cu2SiS3,1.5057239466323824,1.2860171794891357,0.21970676714324666,14.591437403557968
mp-16055,KLi3Zr2Si12O30,0.3929612622693913,0.19639432430267334,0.19656693796671798,50.02196319085599
mp-16337,Ga2HgTe4,0.8399650054480913,0.20383121073246002,0.6361337947156313,75.73336872245964
mp-16432,Sr3B2O6,-0.7990840093800078,0.5006122589111328,1.2996962682911406,162.64826389149587
mp-16771,MgSe2O5,0.8683989387445523,0.8352127075195312,0.03318623122502107,3.8215421212972154
mp-16929,Pr3Si6N11,2.0979361962514815,2.094773769378662,0.003162426872819424,0.1507398975464524
mp-17031,KAlP2O7,1.1740426024899695,0.44192174077033997,0.7321208617196295,62.35896893067681
mp-17077,K2YF5,0.13579808744449962,0.155644491314888,0.019846403870388385,14.614641666805186
mp-17112,K3Ge4Au,-0.3655057815761462,-0.04148395359516144,0.3240218279809848,88.65026062890908
mp-17161,K6CdO4,0.17921615395343696,0.29488176107406616,0.1156656071206292,64.53972176563998
mp-17324,ZrSnS3,0.47914915938441255,0.8172506093978882,0.33810145001347564,70.56288076302833
mp-17350,La2TeO6,0.8799905714155959,0.8099871277809143,0.07000344363468158,7.9550220091643284
mp-17371,K2ErF5,0.07982593019447329,0.13223405182361603,0.05240812162914274,65.65300460823342
mp-17660,SrPrCuSe3,0.5215059843004569,0.5292928218841553,0.007786837583698358,1.4931444351772007
mp-17719,La3SiAgS7,1.1908307032618095,0.9980008602142334,0.1928298430475761,16.192884724872734
mp-17834,La2SiSeO4,0.8065189567723018,0.9068731665611267,0.10035420978882492,12.442882953482412
mp-18043,Sr6YScB6O18,0.3967479142680255,0.6532707214355469,0.25652280716752135,64.65637195365966
mp-18075,Na2TiF6,0.10063558962808983,0.23081839084625244,0.1301828012181626,129.36059867018002
mp-18109,RbDyS2O8,0.5528302456267788,0.08300070464611053,0.4698295409806683,84.98622220786648
mp-18464,Rb4GeO4,-0.43535617941316124,-0.4229007959365845,0.012455383476576765,2.8609639797386155
mp-18504,Ca3Ge2As4,0.7843776679820348,0.7400894165039062,0.04428825147812854,5.646291740057916
mp-18642,CaY2S4,1.130666065673568,0.9765006899833679,0.15416537569020017,13.63491665404849
mp-19926,La2Be2GeO7,1.6590261535872965,1.762096643447876,0.10307048986057943,6.212710368532231
mp-19970,Li3CuO3,1.3607941912095303,1.8560948371887207,0.49530064597919043,36.39791007183435
mp-21699,BaLa2In2O7,0.46498604867624715,0.8554186224937439,0.39043257381749674,83.96651360379647
mp-23005,Bi4Te7Pb,0.7195683443314432,0.6349160671234131,0.08465227720803015,11.764313685405556
mp-23018,BiSbO4,1.8986618773494537,1.428154468536377,0.47050740881307673,24.781000473339077
mp-23126,KAs4IO6,1.5626336618817445,0.7801745533943176,0.7824591084874268,50.07309950978396
mp-23131,Sr2BN2Cl,0.6453131903073988,0.23771338164806366,0.4075998086593351,63.16309890786093
mp-23404,TlBrO4,-1.6137127440799586,-1.371211290359497,0.2425014537204615,15.027547784455352
mp-23494,TiBi12O20,0.06795945484660484,0.1808745563030243,0.11291510145641945,166.15068751108518
mp-23526,KClO4,-1.3159595356168505,-1.2145187854766846,0.10144075014016596,7.708500709531014
mp-23587,HoSeClO3,0.3300667925592186,0.3797849416732788,0.049718149114060195,15.063057003875985
mp-23609,Zn3B7ClO13,0.306113118782376,1.4809348583221436,1.1748217395397675,383.7867988842973
mp-23643,Cd5P3ClO12,0.17504888665440496,0.35703277587890625,0.1819838892245013,103.96175188693884
mp-24041,MgH2SO5,1.060866307771938,1.214369297027588,0.15350298925564987,14.469588498671548
mp-24170,CaPH3O4,0.48282354278601536,0.29613858461380005,0.1866849581722153,38.66525586034918
mp-24446,LiH2SO4,-0.15887488625383353,-0.23468253016471863,0.0758076439108851,47.71530963664556
mp-27272,Ca3PI3,-0.011648790519550582,-0.2016068398952484,0.18995804937569782,1630.7104935648422
mp-27365,BaBiSe3,-0.5644079757028596,-0.2660160958766937,0.2983918798261659,52.86811892666421
mp-27375,Tl4HgI6,-2.012396181746881,-1.546543836593628,0.465852345153253,23.149136804109077
mp-27409,RbNiBr3,-0.7747317126479669,-0.5491127967834473,0.22561891586451965,29.122199618416733
mp-27421,RbBiF6,-0.5457798218830366,0.6459659337997437,1.1917457556827804,218.35650712975198
mp-27488,Ta3N5,2.1924577217247263,3.0979866981506348,0.9055289764259085,41.30200402284437
mp-27539,La2ReO5,0.13840812283649406,1.2189717292785645,1.0805636064420705,780.7082303388904
mp-27594,As4Pb9S15,-0.5374231052085705,-0.8940466642379761,0.35662355902940557,66.35806231125888
mp-27914,Na3BiO3,0.558857074577602,0.4821130633354187,0.07674401124218333,13.732314527858192
mp-27999,K5CuSb2,-0.6112090113204153,-0.45219409465789795,0.15901491666251732,26.016454881611136
mp-28365,Na3AuO2,1.1908815105031276,0.6830148100852966,0.507866700417831,42.64628310529952
mp-28562,RbAsSe2,-1.577303506737094,-1.5865654945373535,0.009261987800259552,0.5872039059508252
mp-28608,Ga3Te3I,0.6797833360001948,0.28977569937705994,0.39000763662313487,57.37234438812767
mp-28650,CsBr2F,-0.09634339906085423,0.09706415981054306,0.1934075588713973,200.7481163802759
mp-28938,Nb3TeCl7,1.5089641031170438,1.5872104167938232,0.07824631367677948,5.185432411224845
mp-28946,Bi3NF6,-0.22237429539659276,-0.022568143904209137,0.19980615149238362,89.85128030919219
mp-29212,Tl4PbI6,-1.613719014617146,-1.2550601959228516,0.3586588186942945,22.22560529097974
mp-29426,Y5C2I9,-0.9891574322081674,-0.9587652087211609,0.030392223487006542,3.072536534367415
mp-29750,CsMgBr3,-0.05829276235440028,-1.1613948345184326,1.1031020721640323,1892.348256645559
mp-29880,Sm2SCl4,0.37168720070775474,0.714289128780365,0.34260192807261025,92.17479843810568
mp-29883,Rb3PbCl5,-1.3251374762346648,-1.2131097316741943,0.11202774456047049,8.454046962643732
mp-29898,Tl2Au4S3,-0.890906115758828,-0.009323839098215103,0.881582276660613,98.95344313690411
mp-40161,NaHf2P3O12,-0.2682765063216663,0.028511712327599525,0.2967882186492658,110.62773357179987
mp-504838,CsPS3,-1.7323816167225161,-0.702899694442749,1.029481922279767,59.42581659504322
mp-505464,Cs2Te13,-1.7419565862250161,-1.3430328369140625,0.39892374931095365,22.900900772473264
mp-505743,GaBPbO4,0.9197373733369485,0.8802639842033386,0.03947338913360987,4.291810931896173
mp-531265,Ca3B2N4,0.495730139116777,0.21519966423511505,0.28053047488166194,56.589352299917074
mp-540577,KZr2P3O12,-0.31143855585356306,-0.29467326402664185,0.016765291826921214,5.383178001507359
mp-540688,SrIn2O4,1.7288400870143188,2.0743398666381836,0.3454997796238648,19.98448452340886
mp-540862,Ba2CaMgAl2F14,0.2461448402060885,0.4001055061817169,0.1539606659756284,62.54880900478048
mp-540939,TiTl4S4,-1.462663285438187,-1.5892205238342285,0.1265572383960416,8.652520348053134
mp-541037,CsCuO,0.2023568807299666,-0.08787869662046432,0.29023557735043093,143.4275801759038
mp-541299,Zr4CdP6O24,-0.3217413324694357,0.29690632224082947,0.6186476547102652,192.28106316400445
mp-541380,RbSnS4,-0.914676220874482,-0.8681694269180298,0.046506793956452186,5.084508910922498
mp-541686,K3GaS3,-0.929298387289258,-0.4597282111644745,0.46957017612478347,50.52953739589594
mp-541687,K3GaSe3,-1.1855749785857739,-0.8214219808578491,0.36415299772792475,30.71530728172997
mp-541771,Bi4RuI2,-0.6103312306013285,0.36123770475387573,0.9715689353552043,159.18715717659845
mp-541915,K2AgAs3Se6,-1.581988446630439,-1.5029325485229492,0.07905589810748981,4.9972487647349855
mp-542013,Rb4Zr3Se14,-1.3946655532056271,-0.6179733872413635,0.7766921659642636,55.6902093250273
mp-542819,Cs3B12H12Br,-0.5236018960598954,-0.7059494256973267,0.18234752963743128,34.825605294708936
mp-551456,Ba2CuClO2,1.0578955839229789,1.28696870803833,0.2290731241153512,21.653661060374468
mp-552008,DyBi2ClO4,2.0755467422417597,2.1422975063323975,0.06675076409063774,3.2160568939315466
mp-553342,CsBe2BO3F2,1.2611876681951073,0.5161942839622498,0.7449933842328575,59.07077931542272
mp-553875,Zr2SN2,2.8361560556724816,2.831355333328247,0.004800722344234565,0.16926862450438274
mp-553903,KNa9In2O8,0.2550324047662915,-0.017865236848592758,0.2728976416148843,107.00508504594318
mp-553991,TiGa4O8,1.993535308361826,1.353823184967041,0.6397121233947849,32.08932998134174
mp-554018,Mg3BeAl8O16,2.6613862049540913,2.8415563106536865,0.18017010569959524,6.769784308801705
mp-554023,Be2BO3F,0.21635742564705956,1.4094691276550293,1.1931117020079698,551.4540110836195
mp-554034,KLa2NbO6,0.1847285777956966,0.8624828457832336,0.677754267987537,366.8919428033002
mp-554741,KErP2S7,-0.5147261097438072,-0.6129865646362305,0.0982604548924233,19.089852454022612
mp-554950,Hg3SbAsS3,-0.7712900425718099,-1.1743977069854736,0.40310766441366375,52.264082532367574
mp-555118,NaPO3,-0.392720498043466,-0.2928321063518524,0.09988839169161357,25.434982943151084
mp-555155,KNa2YSi6O15,-0.5945128364562905,0.3183785378932953,0.9128913743495858,153.5528450135833
mp-555165,SiO2,1.144448534357371,0.6069237589836121,0.5375247753737589,46.96801640587438
mp-556049,Sr4Br6O,-0.36295323069584473,-0.36927396059036255,0.006320729894517818,1.7414722779571006
mp-556163,Zn2SiO4,1.807908257708497,1.9667530059814453,0.15884474827294826,8.786106684101446
mp-556275,Rb2Al2Sb2O7,0.6481896500840237,0.3370143473148346,0.31117530276918914,48.006829903694396
mp-556400,Cs2K2TeO5,-0.40100324090074957,-0.948579728603363,0.5475764877026135,136.5516364587541
mp-556699,Na2PHO3,0.30815771359293564,-0.11973674595355988,0.4278944595464955,138.85567054528693
mp-557463,Na3ScSi2O7,0.8742394745337406,0.6724039912223816,0.20183548331135903,23.086978933204115
mp-558170,Rb3PO4,-0.5996289717958309,-0.11095316708087921,0.48867580471495164,81.4963632013001
mp-558257,DySeClO3,0.513923712030516,0.41844967007637024,0.09547404195414577,18.577473605358115
mp-559309,K3ZnNCl4O3,-1.4717714043305674,-1.2871556282043457,0.1846157761262217,12.543780615862277
mp-560923,AgPb4ClO4,-0.2547436193457856,-0.31838351488113403,0.06363989553534843,24.981938978014004
mp-561902,CsAg3S2,-0.7798241703781064,-0.9559802412986755,0.17615607092056917,22.589203773352903
mp-567290,LaN,2.9570932834602233,2.2654900550842285,0.6916032283759947,23.387940862207763
mp-567437,PdSe8Cl2,-1.2748037155271128,-1.239243507385254,0.035560208141858896,2.7894653670000693
mp-567471,HgI2,-2.7649987549053767,-2.449572801589966,0.3154259533154109,11.407815383490302
mp-567744,SrBr2,0.17688488305425928,0.06465835869312286,0.11222652436113642,63.44607997208615
mp-568493,In3SnI5,-1.661637122491473,-1.4946620464324951,0.16697507605897788,10.048829181705692
mp-568525,Sr2SnSe5,-0.5698154145782579,-0.7357714176177979,0.16595600303953995,29.124519764417094
mp-568543,Na2SnSe3,-1.1074933135681657,-0.7895206212997437,0.31797269226842206,28.711025915268518
mp-568949,TlBr,-0.5686916057756192,-0.4647181034088135,0.10397350236680569,18.28293249115217
mp-569786,Er2PbSe4,-0.7440025406441966,-0.09537451714277267,0.6486280235014239,87.18088824532879
mp-569921,Nb3H12C4NCl9,-0.8286128459400753,-0.5216501951217651,0.3069626508183102,37.0453647107119
mp-570081,CuI,0.22822429651704607,-0.23441973328590393,0.46264402980295,202.71462629676464
mp-570256,Ag2HgI4,-0.5956898261540078,-1.4731247425079346,0.8774349163539268,147.29728087165242
mp-570553,FeP4,3.822541839373028,3.5556607246398926,0.2668811147331356,6.981770924890891
mp-570747,N,-1.6286427793246352,-1.8160438537597656,0.18740107443513043,11.506579393232064
mp-570887,K2Ag2SnSe4,-1.2042844977411709,-0.971034586429596,0.2332499113115749,19.368339603231014
mp-571102,TlI,1.6749735293807606,0.3138418197631836,1.361131709617577,81.26287883013822
mp-571390,Cs2LiCl3,-0.7880614024327862,-1.0448975563049316,0.2568361538721454,32.59088099978998
mp-573697,CsCl,0.43210890381753375,0.5982944369316101,0.16618553311407636,38.45917814835202
mp-617632,La3AgGeS7,1.0947893495868404,1.0087789297103882,0.0860104198764522,7.856344228130411
mp-619651,Cs3AlP2,-1.5101302825516312,-1.3865315914154053,0.1235986911362259,8.184637614668858
mp-626412,InH3O3,0.42906318553810685,0.793125569820404,0.3640623842822972,84.8505293749942
mp-626716,KHO,0.9950563002241821,1.3243892192840576,0.3293329190598755,33.09691310789933
mp-641534,Nd3CuSiSe7,0.7187756817208812,0.647016167640686,0.07175951408019521,9.983575669726294
mp-646102,Al3Bi5Cl12,-2.0480901616061953,-1.1766715049743652,0.87141865663183,42.54786595666415
mp-673644,Tb2S3,0.3905217281322044,0.6647633910179138,0.2742416628857094,70.22443135170947
mp-674333,Na3PO4,0.9284112166567668,0.9811350107192993,0.05272379406253247,5.678926871692937
mp-676338,MgIn2O4,2.6089158341758174,2.5751054286956787,0.033810405480138694,1.2959561606869445
mp-684911,Sm2Te3,-0.30050963599089864,0.21462224423885345,0.5151318802297521,171.41942172042485
mp-684969,Sc2S3,1.7544713773240366,1.424027442932129,0.33044393439190767,18.83438730678576
mp-685003,Tb2Se3,-0.13424944345046666,0.03759582340717316,0.17184526685763982,128.0044538292963
mp-685120,Al2Se3,0.8889826974075989,1.0131683349609375,0.12418563755333856,13.969409968887097
mp-686748,Ca2Al2SiH2O8,0.3973124160908773,0.7417567372322083,0.34444432114133094,86.69357090077602
mp-696983,KGaH4,-0.1102405774018558,-0.0754539966583252,0.03478658074353061,31.55515107356922
mp-697170,MgH6Br2N2,-0.9312356471744035,-0.9834019541740417,0.0521663069996382,5.601837425137614
mp-699213,CsZn2P2HO8,-0.43227010309961106,-0.10928893089294434,0.3229811722066667,74.7174439987213
mp-707176,NaCa2Al2P2H5O11F4,0.8549993909668929,0.5482060313224792,0.3067933596444137,35.88228984554836
mp-707304,Be4Si2H2O9,3.096231752781103,2.6807022094726562,0.41552954330844694,13.420492278564394
mp-752526,Lu2TeO6,1.337085128637848,1.211860179901123,0.12522494873672496,9.365518025340506
mp-752922,Li8HfO6,0.9342897611943167,1.077439785003662,0.14315002380934538,15.32180162462174
mp-753548,Rb6Ti2O7,-0.5283992595440943,-0.39650481939315796,0.13189444015093632,24.961132660317418
mp-753798,Rb2SnO3,0.24645005304999948,0.6483484506607056,0.4018983976107061,163.07498928765477
mp-753846,MgGa2O4,0.37205005381895373,2.791980504989624,2.4199304511706705,650.4314208077637
mp-753947,LuHO2,2.771566660347233,2.722040891647339,0.049525768699894,1.7869232376207478
mp-754472,HoCuO2,0.5279079894733809,0.7937820553779602,0.2658740659045793,50.36371322392833
mp-755089,ZrO2,2.599991707398495,2.426032781600952,0.1739589257975429,6.690749255181397
mp-755689,ErClO,2.069207910109088,1.1749043464660645,0.8943035636430237,43.21960878237104
mp-756437,SrLaBr5,-0.7051085592871593,0.06559152901172638,0.7707000882988857,109.30233056283379
mp-758272,Zr4N2O5,1.829014755822608,1.7989423274993896,0.030072428323218325,1.6441872996094615
mp-759925,Zn2Hg2H2Se2O11,-0.6146371252403138,-0.21156203746795654,0.40307508777235723,65.57935914052719
mp-236,SN,0.027359090632776077,0.099709652364254,0.07235056173147791,264.4479771005336
mp-288,PtS,4.141985223621328,3.3994760513305664,0.7425091722907613,17.926408043570646
mp-476,Ge3N4,3.737931932607069,3.6257333755493164,0.11219855705775261,3.0016211926978102
mp-741,HfO2,2.051383473524973,2.1228389739990234,0.07145550047405047,3.483283422931436
mp-762,PtS2,4.278518013932065,3.647156238555908,0.6313617753761571,14.756552930717238
mp-963,ZrO2,1.92520661898258,2.0375545024871826,0.11234788350460256,5.835627324197306
mp-1125,Li2S,0.9006213373127205,1.146895408630371,0.24627407131765056,27.344907467158684
mp-1330,AlN,4.326342840368511,4.706366062164307,0.3800232217957955,8.783936821877614
mp-1347,Th3P4,0.9233632215177596,1.43843674659729,0.5150735250795304,55.78233062314186
mp-1639,BN,6.517683249286644,6.417866230010986,0.09981701927565734,1.5314800590621254
mp-1938,Al2O3,2.7718399203417694,2.804534435272217,0.032694514930447394,1.1795239216562023
mp-2008,FeAs2,3.6834558530298396,3.617061138153076,0.0663947148767634,1.8025114871989087
mp-2229,ZnO,2.129783623822804,2.6802074909210205,0.5504238670982167,25.84412148452182
mp-2715,CoAs2,3.3784533481697636,3.1941330432891846,0.18432030488057904,5.455759955378172
mp-3163,BaSnO3,1.5751658653307046,1.6987290382385254,0.12356317290782082,7.844454709655535
mp-3486,KSnSb,0.6613119437276822,0.4633214473724365,0.19799049635524568,29.939047409186827
mp-3716,TbNiSb,2.5428478629727094,1.918935775756836,0.6239120872158734,24.53595813972491
mp-4077,CdC2N2,-0.01322354663036988,-0.445854514837265,0.4326309682068951,3271.6712112111622
mp-4174,HoNiSb,1.9551274021239065,2.440340280532837,0.48521287840893046,24.817455777144286
mp-5222,ReTeS,2.6911549463245237,2.845008611679077,0.15385366535455347,5.717012525223823
mp-5639,Mg2SiO4,3.2446163944575157,3.141380786895752,0.10323560756176375,3.1817507837940964
mp-5760,NdSF,1.8146933149601174,2.0926592350006104,0.2779659200404929,15.31751496238922
mp-6408,ZnCu2GeS4,2.3336531555759294,1.4221582412719727,0.9114949143039568,39.05871410779577
mp-6913,YN,3.364273888811331,2.1339244842529297,1.2303494045584014,36.57102379952513
mp-7204,CaZnSO,1.9270061529383091,1.9446280002593994,0.01762184732109029,0.9144676208854032
mp-7262,ZnAs2,1.8322472112585704,2.0934464931488037,0.26119928189023334,14.255679052763606
mp-7430,CaCd2Sb2,0.3564943700491824,1.6501696109771729,1.2936752409279904,362.8879863515133
mp-7610,Li2CaSiO4,2.166878449929692,1.9009191989898682,0.26595925093982364,12.27384263055702
mp-7748,NaAlO2,3.088410901451788,3.1912686824798584,0.10285778102807042,3.3304435293800916
mp-7905,SiO2,3.6143664480339175,1.9083287715911865,1.706037676442731,47.2015690985277
mp-8871,CsNa2BO3,0.8843748897051263,0.6582689881324768,0.22610590157264954,25.566748242709508
mp-9339,NbP,4.150119964048904,4.1071248054504395,0.04299515859846448,1.0359979704422306
mp-9481,TcS2,3.2419889730588913,2.9032788276672363,0.338710145391655,10.447603252397068
mp-9490,KAg2SbS4,-0.8735272658187409,-0.34433573484420776,0.5291915309745331,60.580997489360755
mp-10091,KVCu2Se4,-1.0262597873460713,0.12751324474811554,1.1537730320941868,112.42504542420662
mp-10101,CsAgC2,1.3898738062892046,0.12545286118984222,1.2644209450993624,90.97379484222483
mp-10618,LiInSe2,0.35983082865766464,0.3908526301383972,0.03102180148073258,8.621218364323658
mp-11107,Ac2O3,1.369194767867393,1.8212711811065674,0.45207641323917436,33.0176848355411
mp-11605,Tb2KCuS4,1.05975722633704,1.1602420806884766,0.1004848543514365,9.481874891172366
mp-11606,KHo2CuS4,1.0673761775409774,1.1039888858795166,0.036612708338539246,3.4301597795528522
mp-11660,Hf3N4,1.996453782599219,2.1274607181549072,0.1310069355556882,6.561981884956432
mp-13064,Dy2O3,1.850707597058813,1.8196334838867188,0.031074113172094187,1.6790395858037155
mp-13097,NaZnAs,0.9211401168768492,0.9141526222229004,0.006987494653948767,0.7585702246516045
mp-13592,TlBC4N4,-1.1757123567958023,-1.1698765754699707,0.005835781325831624,0.49636131593751565
mp-14613,Pr10Se19,0.39966974796899957,0.2480018138885498,0.15166793408044976,37.948314790193706
mp-14628,ZnSnO3,1.448111554599265,1.3828847408294678,0.06522681376979733,4.504267199763316
mp-14790,GeTe4As2,0.39836581958337575,-0.3929733633995056,0.7913391829828813,198.64635570654386
mp-15897,La4Si2S3O7,0.2693430088091043,-0.10547682642936707,0.37481983523847134,139.1607812267826
mp-16253,BaCaSi,0.663652766072555,0.41446536779403687,0.2491873982785181,37.54785800911968
mp-17329,PrS2,1.3152384382584548,1.2312018871307373,0.08403655112771746,6.389453705367119
mp-17366,Ho2SiSO4,1.219976099540692,1.1744835376739502,0.04549256186674189,3.728971566235548
mp-17524,GeAs2,1.9780358156666307,2.224445104598999,0.24640928893236835,12.45727134871541
mp-17566,Ba5P4,-0.3584729261137171,-0.39415258169174194,0.03567965557802483,9.953235789613382
mp-18164,Tb3S3N,0.9987113879871256,1.0403141975402832,0.04160280955315765,4.165648860478795
mp-18781,CrCdO4,0.5420615174257425,0.34216153621673584,0.19989998120900665,36.877729700926636
mp-18834,SrMoO4,1.0206385278480663,0.4021074175834656,0.6185311102646007,60.6023673796367
mp-18867,Ba3W2O9,0.1711335237721672,0.511388897895813,0.3402553741236458,198.82450067272222
mp-18943,BaNiO2,1.7043293592389677,1.426903486251831,0.2774258729871366,16.277714837407675
mp-19048,BaWO4,0.41112897034337154,0.5469357371330261,0.1358067667896546,33.032643424818716
mp-19125,Na4WN2O2,0.9524124466636499,1.084355354309082,0.13194290764543215,13.853547179862568
mp-19169,PrVO4,1.874343797993017,1.8830175399780273,0.008673741985010253,0.46276152722343666
mp-19330,CaMoO4,0.9008086003585385,0.8947098851203918,0.006098715238146646,0.6770267552640199
mp-20088,Na4PbO4,0.7551819113977264,0.8750758767127991,0.11989396531507268,15.876170165830278
mp-20930,InCuO2,3.063880547313431,2.364952564239502,0.6989279830739292,22.811854844888956
mp-21609,SrCuN,1.2431526446222316,0.664523184299469,0.5786294603227626,46.54532674051433
mp-22253,ZnIn2S4,1.6086333563536392,1.4144184589385986,0.1942148974150406,12.073285478505566
mp-22786,ThNiSn,2.575719206713257,1.7881414890289307,0.7875777176843264,30.577002168233776
mp-23099,Cs2PdI2Br4,-0.9093702684473749,-1.4090182781219482,0.49964800967457335,54.944396909704764
mp-23116,CuBiSeO,0.5579148001800442,0.6791729927062988,0.12125819252625458,21.734177420481306
mp-23212,CuBr,-0.136472225411127,-0.9200174808502197,0.7835452554390927,574.1426528941236
mp-23289,KCl,1.0843134082574892,0.6099559664726257,0.4743574417848635,43.747263307124854
mp-23290,PtCl2,-1.2146338777715329,-1.2297983169555664,0.01516443918403354,1.2484782008431599
mp-23303,RbBr,0.8218399364860384,0.22475099563598633,0.597088940850052,72.65270454038047
mp-23520,InPb2I5,-1.8925895749576378,-1.169996976852417,0.7225925981052208,38.18010030629038
mp-24093,CuH,1.633522009363976,3.7112812995910645,2.0777592902270885,127.19505940639758
mp-24565,BaHClO,0.5249536522067139,-0.014162130653858185,0.539115782860572,102.69778686067346
mp-27362,NbS2Cl2,1.4891055221317167,1.2770800590515137,0.21202546308020298,14.23844448422162
mp-28355,Na4Ge2Se5,-0.33443589010613667,-0.2806481719017029,0.05378771820443379,16.083117809922765
mp-28400,P3Ru,3.524862940392652,3.681607961654663,0.15674502126201117,4.446840172586982
mp-28626,LaSO,1.7371962531714928,1.2594921588897705,0.47770409428172234,27.498568075403522
mp-28793,Mg2C3,3.0067888021995,2.21026611328125,0.79652268891825,26.490809342365008
mp-29164,SrBiO3,0.5189005826756898,0.951481282711029,0.4325807000353392,83.3648514720786
mp-29557,CuW3Cl7,-1.533860366140396,-1.2457315921783447,0.2881287739620513,18.78455042730262
mp-29626,Na4Sn3S8,-0.6479616370779184,-0.7471218705177307,0.09916023343981228,15.303411153627927
mp-29654,B9H11,-1.0608534241305925,-0.7561082243919373,0.3047451997386552,28.72641901386187
mp-29739,Na5SnSb3,-0.8309040444072454,-1.0631084442138672,0.23220439980662178,27.94599465119621
mp-30068,CIN,1.8405579793482152,0.8878834247589111,0.9526745545893041,51.76009477988129
mp-30452,DyNiBi,3.0722559244855425,2.4651710987091064,0.6070848257764361,19.760229639010106
mp-31036,CuTe2Br,-0.5495232663973573,-0.844589352607727,0.2950660862103698,53.694921444328635
mp-34656,CdC2N2,-1.1762985452890593,-0.5083186626434326,0.6679798826456267,56.78659429791948
mp-34735,Ho2CdS4,1.0160899927902611,0.8735034465789795,0.14258654621128164,14.032865909812578
mp-34806,NaYF4,0.762713155150811,0.9229618906974792,0.1602487355466683,21.010354215666098
mp-34993,LiAlO2,5.468449643343685,2.7034735679626465,2.764976075381038,50.562339524267664
mp-36526,AcOF,2.491273984216588,2.174328088760376,0.3169458954562119,12.722241610686568
mp-36988,CaAl2Se4,0.8914694557337836,0.9323066473007202,0.04083719156693666,4.580885111012903
mp-40134,ZnSiH12O6F6,-0.5614271192605387,-0.4702361822128296,0.09119093704770909,16.24270255555478
mp-505424,VCdCuO4,0.5061030141834089,1.048766851425171,0.542663837241762,107.22398840428636
mp-505451,HS9N,-2.054900945098254,-1.5528364181518555,0.5020645269463984,24.432541536565036
mp-505784,CsAlMo2O8,-0.1147852094446765,0.49138063192367554,0.606165841368352,528.0870630466623
mp-541765,Ba9Nb2N12,-0.709128577875458,-0.2360346019268036,0.47309397594865443,66.714837154926
mp-541928,Sm3Re2O9,0.6231803316895468,1.2057645320892334,0.5825842003996866,93.48565267138692
mp-542642,KSbSe2,-0.8784524190412395,-0.5316753387451172,0.3467770802961223,39.47590931272086
mp-554059,Sr2UZnO6,0.7651644160348675,0.9455683827400208,0.18040396670515324,23.57715059986957
mp-554724,CuP4S3I,-0.994378510323311,-1.0781216621398926,0.08374315181658154,8.421657442029131
mp-555064,CdC2O4,0.2950162331753924,0.4712536334991455,0.17623740032375312,59.738204378393256
mp-555069,Tb2SnS5,1.3375382631955224,1.254502534866333,0.08303572832918937,6.208101152247272
mp-555096,PrS2,1.5301986658239386,1.590973138809204,0.060774472985265504,3.9716720673352155
mp-556246,La3Si2S8Cl,-0.6046786349341426,-0.003158383071422577,0.6015202518627201,99.47767576213991
mp-556385,Cs3ZnI4NO3,-2.3749069247840984,-2.4713690280914307,0.09646210330733229,4.061721421613254
mp-556798,AgHg2PO4,-0.5076258563191387,-0.4105949401855469,0.09703091613359183,19.11465204652412
mp-556870,MgAl2O4,2.7184499823046533,2.9504377841949463,0.231987801890293,8.533826386373969
mp-557031,S,-1.6777124730595097,-1.7340362071990967,0.05632373413958702,3.3571744291126326
mp-558211,Cs2NaCoF6,0.5239977327388932,0.2076134979724884,0.31638423476640476,60.37893200657383
mp-559400,BeF2,-0.691855208286664,0.3474060595035553,1.0392612677902193,150.2136943312004
mp-559781,KYC8O8,0.04167114650873181,0.14708426594734192,0.1054131194386101,252.96428889116777
mp-560417,SnO2,1.7454964049159782,2.095125675201416,0.3496292702854378,20.03036324227019
mp-561622,Cs2AgAsS4,-1.0292297991598647,-1.3892664909362793,0.3600366917764146,34.981176416608214
mp-562537,Ta2Ni3S8,2.892036954251359,2.4752564430236816,0.41678051122767723,14.411313472844824
mp-562550,AgCSN,-1.668886668504212,-1.2068004608154297,0.4620862076887824,27.688291626353546
mp-562779,ErCoO3,2.153028851619259,2.1111538410186768,0.041875010600582296,1.9449349491572656
mp-567568,SrCa2WN4,0.6545259704858836,0.2200581431388855,0.43446782734699807,66.37900510265061
mp-569170,CaTe,1.6145490848433406,0.47149741649627686,1.1430516683470637,70.79695991144015
mp-569267,Ca2CdSb2,-0.18763071762728153,0.4049830138683319,0.5926137314956135,315.84046524450713
mp-569299,BeB2C2,4.2096575385224115,3.982973337173462,0.22668420134894962,5.384860865155214
mp-570194,CaB2H8,-0.7956555461166526,-0.03135454282164574,0.7643010032950068,96.05928181174913
mp-570779,Pr3OsI3,-0.38716704265968815,0.5821220874786377,0.9692891301383258,250.3542459295305
mp-603719,AlPO4,4.013069600290019,4.032663345336914,0.019593745046894817,0.4882483235645553
mp-608081,Rb3Pb4Au,-0.7804509395756521,-1.2132503986358643,0.4327994590602121,55.455050037550656
mp-614456,He,-12.804547545773145,-2.3555986881256104,10.448948857647535,81.60342113061849
mp-634896,YOF,1.8927007976861274,1.8061590194702148,0.08654177821591258,4.572396140040307
mp-640075,FeSiGe,2.2758225554718066,2.2787015438079834,0.0028789883361768354,0.12650319899742735
mp-643735,H8PdN2Cl6,-1.1061439463035079,-1.1023364067077637,0.0038075395957442026,0.34421736958089144
mp-644385,HCN,-0.43608164135451954,1.3098466396331787,1.7459282809876981,400.36729717963937
mp-644607,CO2,-1.07749480314308,-0.32715877890586853,0.7503360242372115,69.6370898540264
mp-667314,Ba9Ta2N12,-0.6859507206721378,-0.2749374508857727,0.4110132697863651,59.918775124782776
mp-674420,Li2NiO3,2.337793002451867,2.3596160411834717,0.021823038731604516,0.933488923472549
mp-675857,Cd2SnO4,1.8837565950268222,1.7336616516113281,0.15009494341549412,7.9678523123289695
mp-675871,ErPaO4,2.490065198911976,2.4789185523986816,0.011146646513294556,0.44764476521197266
mp-675918,Li9CrN5,1.0995812977637796,1.81296706199646,0.7133857642326804,64.87794633134398
mp-677217,MgMo3S4,1.3692515386687434,1.0087108612060547,0.3605406774626887,26.331223101142164
mp-680372,C,2.773586046836694,2.8004870414733887,0.02690099463669471,0.9698994075693305
mp-690653,NaH3CN4O,-0.32376836885732585,0.14727270603179932,0.47104107488912517,145.48705809389847
mp-696805,H2S,0.04595263324327347,-0.6370641589164734,0.6830167921597469,1486.349625589142
mp-706235,NaCa2V3Zn2O12,0.4958651451338881,0.7929585576057434,0.29709341247185533,59.91415516644902
mp-722181,KLiS,1.4434205874512884,1.2827868461608887,0.16063374129039976,11.128685754305186
mp-725973,K2HgCl4,-1.0627840381897427,-0.96859210729599,0.09419193089375266,8.86275362718011
mp-733954,BaRuO5,-0.7008274313962818,-0.2185395509004593,0.4822878804958225,68.81692395158453
mp-753488,Li8NiO4F2,0.8739617777486196,1.5777015686035156,0.703739790854896,80.52294834538117
mp-753803,Cs2CaO2,0.17376058877265668,-0.2694148123264313,0.44317540109908793,255.04943568010452
mp-754240,CaSm2O4,1.9853456653911807,2.062330961227417,0.07698529583623626,3.8776771812714808
mp-754496,Li5SbS,0.41400174508655724,0.5763262510299683,0.16232450594341102,39.208652589006135
mp-754794,La2S2O,1.1430479548300356,0.9218239784240723,0.22122397640596336,19.353866604735583
mp-755175,Al2O3,2.878863844641955,3.0264053344726562,0.14754148983070126,5.124990197271765
mp-755346,Li5BO4,2.2799776529063442,1.8041226863861084,0.47585496652023584,20.871036429398846
mp-755779,CaLaI5,-1.1955504217836734,-0.12583105266094208,1.0697193691227314,89.47505263113776
mp-755896,ZnCrO4,1.3674938933118304,0.9542887806892395,0.41320511262259085,30.21623092018938
mp-755959,NaLiO,1.3665228324441177,1.7214429378509521,0.3549201054068345,25.97249727412429
mp-756123,Tm6WO12,1.4396249912272814,1.5234041213989258,0.0837791301716444,5.819510683835978
mp-756468,CaY2O4,1.761554264120041,1.8333468437194824,0.07179257959944141,4.075524726188571
mp-756746,Rb4PbO4,-0.2885865370899658,-0.2073018103837967,0.0812847267061691,28.166499908770476
mp-758123,CoSbO4,3.30248453834773,3.043833017349243,0.258651520998487,7.832028219816987
mp-758587,Li2CuPO4,0.6182431883859777,1.173844575881958,0.5556013874959803,89.86777338323229
mp-760492,Na4PtO4,2.31751251241552,1.852644443511963,0.46486806890355714,20.05892379925189
mp-768163,Li7Sb2S2,-0.1474344594817968,0.08198558539152145,0.22942004487331824,155.60815679026783
mp-768315,MgI2O6,0.996578821941037,0.5376904010772705,0.45888842086376647,46.046374933995615
mp-768358,ScInO3,2.5139128109697237,2.5608744621276855,0.0469616511579618,1.8680700043788185
mp-769252,Sr3Ta2O8,1.0096567394495195,0.27993783354759216,0.7297189059019273,72.27395979150117
mp-769397,MgSO3,1.1688991611201198,0.368147075176239,0.8007520859438808,68.50480456984373
mp-770648,Li8ZrO6,1.1289775040619794,1.316824197769165,0.18784669370718565,16.638656929064293
mp-770688,Li4CrO5,1.7501299118497176,1.6328067779541016,0.117323133895616,6.7036814296612315
mp-770767,SmCuO3,2.129552833377048,2.0756616592407227,0.05389117413632549,2.530633346666717
mp-772413,Al8SiO14,1.3729497334632745,2.026559591293335,0.6536098578300604,47.60624820410033
mp-778848,In3NO3,2.358180156561823,2.344644069671631,0.013536086890192145,0.5740056311018864
mp-780403,NaCu3O2,-0.6993556251717885,-0.8707894086837769,0.17143378351198835,24.51310568494786
mp-850275,Li3SbS4,0.9655637400122455,0.8243666887283325,0.14119705128391302,14.623276064832583
mp-862968,PmTlTe2,-0.30263982207235895,-0.26360175013542175,0.0390380719369372,12.899185463968282
mp-863251,Sr2SbAu,-1.461178675784362,0.07572223246097565,1.5369009082453375,105.18227056799387
mp-863745,RbSrCO3F,0.31367752696272894,0.2837967276573181,0.02988079930541082,9.525961134270625
mp-866062,HfSiRu2,2.906949898257675,2.9501168727874756,0.04316697452980067,1.4849576374079738
mp-867249,TaAlFe2,3.24539604334202,3.972956657409668,0.7275606140676478,22.418238154947208
mp-961657,YNiP,1.3689364045640464,2.606016159057617,1.2370797544935708,90.3679491880803
mp-961675,ScNiP,2.5289110589812798,3.307777166366577,0.7788661073852974,30.798477653818622
mp-961712,TaTlPt,2.1106704478147322,3.2001452445983887,1.0894747967836564,51.61747528666242
mp-989594,Cs2NaGaH6,1.920185755216081,2.600264310836792,0.680078555620711,35.41733156666298
mp-995214,H6PbCI3N,-1.1899728584455485,-1.276535987854004,0.08656312940845545,7.274378469567125
mp-996961,LiAuO2,2.5945816961918884,1.999725103378296,0.5948565928135925,22.92687849015021
mp-996966,KAgO2,2.4003217957766463,1.9844236373901367,0.41589815838650956,17.326766732622275
mp-997158,CoAuO2,3.853603985385712,4.043802738189697,0.19019875280398546,4.935607123235529
mp-997570,H6CIN,-0.6541585485919721,-0.8843693733215332,0.23021082472956111,35.19190037722092
mp-998599,KCaBr3,-0.12434304638980608,-0.33553242683410645,0.21118938044430036,169.8441421342031
mp-999126,TbNaS2,1.589577873322934,1.684396505355835,0.09481863203290097,5.965019620881316
mp-999137,SmTlSe2,0.7606923062936622,0.7226160764694214,0.03807622982424086,5.005470610023717
mp-999200,Si,4.190396166240421,3.3455445766448975,0.8448515895955238,20.161616135533926
mp-999319,NdTlTe2,1.021261648564959,0.9998229742050171,0.021438674359941956,2.0992342550086773
mp-999447,NaSmTe2,0.8587672319628195,1.2211847305297852,0.3624174985669657,42.202064200635064
mp-1001012,Sc2ZnS4,1.9554397066891032,1.230405330657959,0.7250343760311442,37.0778180248141
mp-1001015,Y2ZnS4,1.5140319631628265,1.2660911083221436,0.24794085484068296,16.376196861969298
mp-1001021,Y2ZnSe4,1.1125112367625396,0.8254701495170593,0.2870410872454803,25.80118544067774
mp-1001786,LiScS2,1.918325318555794,1.932206630706787,0.013881312150993086,0.7236161675353163
mp-1002124,HfC,3.726748315903737,4.37730598449707,0.6505576685933332,17.456442277497157
mp-1007665,HoTlS2,1.1205225007852584,1.0999929904937744,0.020529510291483977,1.832137264275993
mp-1008500,BaO,1.4185534590476099,3.4504690170288086,2.0319155579811987,143.23856073393165
mp-1008506,BaGaSiH,2.2271058305291325,2.418022871017456,0.19091704048832359,8.572427851035892
mp-1009639,PrN,3.743753023571782,3.0526139736175537,0.6911390499542285,18.461128327713165
mp-1009730,Ca2Sn,1.6636802803124715,0.5784209370613098,1.0852593432511617,65.23244616732062
mp-1009792,RuC,3.7837978064257123,5.827079772949219,2.0432819665235065,54.000823274794676
mp-1009813,SiSn,4.329743232142834,3.3755428791046143,0.9542003530382202,22.038266517850218
mp-1012551,BaBrCl,0.2143856410366988,-0.38147956132888794,0.5958652023655867,277.9408170641362
mp-1014244,ZrZnN2,2.1163054457198385,2.371420383453369,0.25511493773353067,12.05473143063978
mp-1017567,Hf2SN2,2.6556980318897265,2.9288899898529053,0.27319195796317874,10.287011350035996
mp-1018031,KInO2,2.0877851040506585,2.567957878112793,0.48017277406213443,22.99914742808144
mp-1018033,AgRhO2,3.812094547851575,3.7032206058502197,0.10887394200135514,2.8560136857758276
mp-1018664,CeO2,1.5636168339387446,2.5085813999176025,0.9449645659788579,60.434535205053784
mp-1019322,Te2W,3.232439813592238,2.8639633655548096,0.3684764480374283,11.399328967797153
mp-1020011,Li14P2N6O3,1.9182230280353847,1.9774057865142822,0.059182758478897535,3.0852907932979843
mp-1020031,LiCaAlN2,2.0325560377357195,1.8127095699310303,0.2198464678046892,10.816256168248113
mp-1020107,LiCaAl3N4,0.37985330187951444,1.462080955505371,1.0822276536258566,284.90673854116665
mp-1020110,Mg2SiO4,1.6504455911277554,2.212908983230591,0.5624633921028355,34.07948708678741
mp-1020631,ZnGeO3,2.0934529671198887,1.8093526363372803,0.28410033078260843,13.57089627733387
mp-1023927,Te2MoWSe2,3.0042692606610513,3.077125310897827,0.07285605023677588,2.425083902790552
mp-1023933,WSe2,3.6992186858312337,3.8097383975982666,0.1105197117670329,2.987650127048343
mp-1023945,Te2MoWSe2,3.4166943250854396,2.968658685684204,0.4480356394012355,13.113132073646408
mp-1025201,Rb2PdCl4,-0.5348607011314513,-0.49483776092529297,0.040022940206158375,7.482871731180348
mp-1025277,Pr2AlNO3,2.1520029594590833,2.223188877105713,0.07118591764662963,3.30789125236717
mp-1025286,Rb2ZnF4,0.6095061178080557,0.769355058670044,0.1598489408619882,26.225978081540347
mp-1025396,NbTl3Se4,-1.6451801540968618,-1.12233567237854,0.5228444817183218,31.780378605730412
mp-1025522,ThTe3,0.4195967619195538,1.102802038192749,0.6832052762731953,162.82424896409978
mp-1025919,MoW2Se2S4,4.077760529237534,4.0741963386535645,0.0035641905839698396,0.08740558839624349
mp-1029293,CsVN2,1.9744846882798073,2.063645124435425,0.08916043615561753,4.515630669858224
mp-1029522,Li7SbN4,1.2793271259476249,1.127917766571045,0.15140935937657996,11.835077698710391
mp-1040964,ZnCu2Bi2O8,-0.5306852940397468,-0.4664278030395508,0.06425749100019607,12.10839865394562
mp-1045961,TiZnO2,1.2850041550228664,2.3479061126708984,1.062901957648032,82.71583819346623
mp-1047036,CaAg2O4,2.2808575643131146,1.64577317237854,0.6350843919345746,27.844105737739554
mp-1047156,ZnCu2O4,2.9646736771407127,2.3520045280456543,0.6126691490950584,20.66565213632378
mp-1047480,CaAg2O4,1.6371272928098233,1.9349355697631836,0.2978082769533603,18.19090539027225
mp-1047674,AlAgW2O8,1.248685833453082,1.1573047637939453,0.09138106965913662,7.318179417991304
mp-1047770,AlCuW2O8,1.639147916454222,1.9672701358795166,0.3281222194252946,20.017852942465574
mp-1062676,K2Pt,0.6717568252574686,0.8317240476608276,0.15996722240335903,23.81326342937377
mp-1067280,TmTlSe2,0.8444722624387395,0.7864804863929749,0.057991776045764665,6.867220940838369
mp-1069695,SrMg2Bi2,1.6627265796172335,2.084213972091675,0.42148739247444134,25.34917031106037
mp-1069706,K2PdSe2,0.9463372156859872,0.6704859733581543,0.27585124232783287,29.149360054266914
mp-1069771,Rb2PdSe2,0.7920494761490969,0.5770940780639648,0.2149553980851321,27.139137712739103
mp-1071820,SiO2,3.4491384034120802,2.4641759395599365,0.9849624638521437,28.556768347647743
mp-1072104,GeO2,3.5366125652858114,3.2754855155944824,0.26112704969132894,7.383535653706132
mp-1078379,FeBiS2Br,1.591583288485379,1.0864276885986328,0.5051555998867463,31.7391872320722
mp-1078677,Sr2H6Os,2.8810578595898484,3.3502726554870605,0.46921479589721216,16.286198291207185
mp-1078908,Ca2CdP2,0.9448865138174262,0.9197980165481567,0.025088497269269427,2.655186300406559
mp-1079149,Ba2ZnSb2,0.32860585357747574,0.12090101838111877,0.20770483519635696,63.20789265775699
mp-1079630,Ba2TaInO6,1.5689486664385806,1.8156671524047852,0.2467184859662046,15.725083378683177
mp-1079647,BaAgSeF,0.5279369014542684,0.15490001440048218,0.37303688705378624,70.65936971373081
mp-1079720,AgO,1.6136544383294062,1.6526415348052979,0.0389870964758916,2.416074690455684
mp-1079896,Ca2H6Ru,3.3814931974560656,3.1945598125457764,0.1869333849102892,5.528131331180002
mp-1080060,LaAlO3,2.0401581698381066,2.0205843448638916,0.019573824974215004,0.9594268358010817
mp-1080149,YbCu2S2,1.715499202212396,1.116452693939209,0.5990465082731871,34.91966114007082
mp-1080439,P4Ru,3.429435352105704,3.4893605709075928,0.059925218801888835,1.7473785812901887
mp-1080650,BaCuSF,0.6887291459526472,0.8219776749610901,0.13324852900844286,19.34701468516104
mp-1086652,BaAgSF,0.700921275465139,0.2524375319480896,0.44848374351704945,63.98489519660118
mp-1095172,CsNdS2,1.1709587252732625,1.1732330322265625,0.002274306953299998,0.1942260563257045
mp-1095315,BaWO4,0.14097052454917866,0.37328270077705383,0.23231217622787517,164.79485833709248
mp-1095340,TbBaAgS3,-0.0528498727209516,0.22806988656520844,0.28091975928616003,531.5429249364934
mp-1095440,CdS2,0.8500074577951499,0.5295072793960571,0.32050017839909273,37.70557251702757
mp-1095603,YAsSe,2.3337020412939977,1.8778233528137207,0.455878688480277,19.534571269753876
mp-1096845,BaAgO2,0.4313467387582475,1.1835734844207764,0.7522267456625289,174.39027076639653
mp-1096933,CsAgO2,1.5561155905502095,1.6535615921020508,0.09744600155184124,6.26213130590038
mp-1100405,ScTeRh,2.8239690087568756,2.6612331867218018,0.16273582203507386,5.762663171247439
mp-1101151,NaHoO2,2.3308397822422973,2.129880666732788,0.20095911550950918,8.62174727926533
mp-1101401,RbPrO2,1.8830595497040992,1.8102450370788574,0.07281451262524175,3.8668194341853765
mp-1101653,NaDyO2,2.3458130021606247,2.0775158405303955,0.2682971616302292,11.437278307482845
mp-1101661,NaCoO2,3.4183549988732924,3.1855902671813965,0.23276473169189593,6.809261523996671
mp-1102443,CoSbS,2.6223039618363737,2.7723560333251953,0.1500520714888216,5.722146390067672
mp-1102476,TbAsSe,2.116296518054277,1.8930652141571045,0.2232313038971725,10.548205414164332
mp-1103067,FePSe,3.5282520225783114,3.6255574226379395,0.09730540005962807,2.757892560875541
mp-1103169,NaAgO,1.4462712124291284,1.1307036876678467,0.3155675247612817,21.819387819471338
mp-1103744,CsYZnTe3,0.03382699092557555,0.06406716257333755,0.030240171647762007,89.39657598955496
mp-1103842,P4Os,3.316323597210805,3.4227967262268066,0.1064731290160017,3.2105771917297505
mp-1104141,Ga2PbSe4,0.0979950157602333,0.5178067684173584,0.4198117526571251,428.401127751526
mp-1104166,Sc2CdSe4,0.6771036587380149,1.1113247871398926,0.43422112840187765,64.12919540431645
mp-1105094,TlHgCl3,-1.2558635817285808,-1.2973461151123047,0.041482533383723874,3.303108234624256
mp-1105594,La3Cu3Sb4,1.23536879826092,1.0847282409667969,0.15064055729412318,12.193974585256335
mp-1105647,Te6IrCl3,-0.11814521212686425,-0.07012511044740677,0.048020101679457486,40.64498324984472
mp-1105775,Sc4OsCl4,1.087442319594772,1.292287826538086,0.20484550694331394,18.837367578231483
mp-1105808,Er7IrI12,-0.63881653676443,-0.2523561120033264,0.38646042476110354,60.49630880228993
mp-1106227,Sr3Ga2P4,0.7888107749294697,0.6832026243209839,0.10560815060848583,13.388274344747462
mp-1106265,Ba2YGaSe5,0.13343431048087045,0.2215687334537506,0.08813442297288016,66.05079507306733
mp-1106381,NaAs,-0.14974597645731091,-0.22834616899490356,0.07860019253759265,52.489018000426704
mp-1110614,Rb2AlAgF6,-0.1382430250094144,0.4470442831516266,0.585287308161041,423.3756517706284
mp-1112569,Cs2NaAlF6,0.734743441492986,0.5639516711235046,0.17079177036948134,23.245089472651216
mp-1153970,Zn4InGaO7,2.9210009826136245,3.073518753051758,0.1525177704381333,5.22142140129186
mp-1178141,KDyO2,2.269915228354954,2.2897238731384277,0.01980864478347355,0.8726601124143832
mp-1178161,HoCuO2,2.8481825271820145,1.9071502685546875,0.941032258627327,33.039745509512066
mp-1178449,CsLaO2,1.5493331941633082,1.5172715187072754,0.03206167545603278,2.069385434767449
mp-1183302,BaGa2As2,0.5152869245759808,0.3772261142730713,0.1380608103029095,26.792997011619686
mp-1184118,Cs3CdH5,-0.42619520441402586,-0.9962366223335266,0.5700414179195008,133.75125107361274
mp-1184176,DyScS3,0.764554540139106,0.9691039323806763,0.20454939224157032,26.75406154861808
mp-1186075,Na3SO4F,0.07608403263314484,1.2334465980529785,1.1573625654198336,1521.1635416333681
mp-1187025,SmAlO3,2.0100963475479876,6.053079128265381,4.042982780717393,201.13378075877898
mp-1188095,SnPbS3,0.3255245145593958,0.14736194908618927,0.17816256547320652,54.73092117635234
mp-1188122,Ba2ErInSe5,0.4371709260356572,0.42487990856170654,0.012291017473950672,2.811490138515792
mp-1188133,Tm2Te3,0.6454387995288333,1.0848093032836914,0.4393705037548581,68.07314714820306
mp-1188281,Cs5Te3,-2.1450030570395286,-1.840202808380127,0.3048002486594017,14.209781550618311
mp-1188364,Tl2Hg3S4,-0.9055987252182836,-1.071751594543457,0.16615286932517348,18.34729496611475
mp-1188532,Lu2S3,1.411300132304763,1.4992363452911377,0.08793621298637477,6.230865495829587
mp-1188687,Ba2P7I,0.05094395975928072,-0.0501619428396225,0.10110590259890322,198.46494673096987
mp-1188981,Tm3Sb4Au3,0.3430374716951135,0.27160346508026123,0.07143400661485227,20.82396604133724
mp-1189135,Dy3Cu3Sb4,0.8226628218193021,0.9048561453819275,0.08219332356262543,9.991131406772045
mp-1189200,TmCuS2,0.9727605906753122,0.9787992835044861,0.006038692829173908,0.6207789344119824
mp-1189464,ZrTl2PbSe4,-0.1840489594063461,0.05655055493116379,0.2405995143375099,130.72582160397366
mp-1189729,Ba2SmGaTe5,-0.2716694909821975,-0.11632402241230011,0.1553454685698974,57.18178659232559
mp-1190024,Ba3NaSbO6,1.044603876845438,1.1798393726348877,0.1352354957894497,12.94610318677378
mp-1190098,CaHfS3,0.6282956600032906,0.6119747757911682,0.01632088421212241,2.597643951899482
mp-1190319,In2Ge2O7,0.731710440619066,1.4440975189208984,0.7123870783018325,97.35915175668602
mp-1190339,Na3Ca3AlSb4,-0.321500650673119,-0.18498489260673523,0.13651575806638377,42.46204720910009
mp-1190476,Na2ZnGe2Se6,-0.41900932338840646,-0.46677523851394653,0.04776591512554007,11.399726082291204
mp-1190869,NaBH4,0.25326135644930914,0.5290018320083618,0.2757404755590527,108.87585829314736
mp-1191371,TmCrB4,3.7686502663602894,3.734210968017578,0.03443929834271131,0.9138364111449458
mp-1192231,CuIO4,1.1352250041119276,1.367030382156372,0.23180537804444445,20.41933336605662
mp-1192772,NaCdPO4,0.60797328108,0.7810777425765991,0.17310446149659908,28.47237977121254
mp-1192811,Er2ZnS4,1.0115879623334254,0.9696282744407654,0.041959687892660025,4.147903045017638
mp-1193131,Cs2PbN2Cl2O6,-1.0266346525810481,-1.3898446559906006,0.36321000340955245,35.37870093284024
mp-1193616,K2PtC4N4Cl2,-1.64293901674196,-1.5448908805847168,0.09804813615724317,5.967850002836874
mp-1194133,PrCoC6N6,-1.3870605081693037,-0.6238843202590942,0.7631761879102095,55.021117205440376
mp-1194276,CaHo2S4,1.00629857197028,1.0163886547088623,0.010090082738582362,1.00269274146206
mp-1200853,Er2HfS5,1.1075190938625812,1.1502108573913574,0.04269176352877624,3.854720317270968
mp-1205332,Te6RhBr3,-0.3807921893912283,-0.2818275988101959,0.09896459058103235,25.989133532189
mp-1205351,La4Se3N2,1.0066798067830256,0.9579217433929443,0.04875806339008126,4.843453008747032
mp-1205397,Ba2YInSe5,0.4333496648069364,0.5456746220588684,0.11232495725193203,25.920167101542457
mp-1205964,Ca2FeH6,3.7006552876837984,2.888788938522339,0.8118663491614595,21.938448357063763
mp-1205991,LaBi2ClO4,1.9073934180749765,2.0453689098358154,0.1379754917608389,7.233719611976522
mp-1206466,SbPbBrO2,1.1631643481941616,0.2609472870826721,0.9022170611114895,77.56574232284555
mp-1206644,Ba2ScNbO6,1.4781607853544445,1.4254429340362549,0.052717851318189624,3.566449052127204
mp-1206682,SmNiBi,2.1916944572571473,1.7999024391174316,0.39179201813971565,17.87621521980002
mp-1206686,TbNiBi,2.443256726605071,2.586538314819336,0.14328158821426484,5.864368924233189
mp-1206859,ErBrO,1.8994892352962434,1.9310195446014404,0.03153030930519707,1.6599361933356582
mp-1207108,BaAlGeH,2.2125171661953513,2.2817795276641846,0.06926236146883324,3.1304779247402146
mp-1208278,ThP12Ru4,2.0589811486512297,2.8156208992004395,0.7566397505492097,36.74826022787335
mp-1208643,SrHfS3,0.16691359946931417,0.3240087032318115,0.15709510376249736,94.11761789450723
mp-1215562,Zn3CdO4,2.136173518488148,3.455077886581421,1.318904368093273,61.74144359895971
mp-1215696,Zn2InCuS4,2.722072995466081,2.1024842262268066,0.6195887692392743,22.761651516005234
mp-1216381,VCu3Te2Se2,1.927938077444066,2.330275058746338,0.4023369813022719,20.86877094287509
mp-1217271,Th2PNO,2.7744768295396005,2.812870979309082,0.03839414976948152,1.3838338587189674
mp-1217293,TeMoSe,3.061793292698723,3.0842347145080566,0.02244142180933384,0.7329502570551895
mp-1217314,TeMo2Se3,3.3282615791536325,3.3781213760375977,0.049859796883965135,1.4980732643208994
mp-1218367,Sr3CaS4,1.9935499465481452,1.8926360607147217,0.10091388583342353,5.062019439651215
mp-1218377,SrCa3Br2N2,1.0396883110331554,1.0240528583526611,0.015635452680494266,1.5038596197120904
mp-1218383,Sr4BrN2Cl,1.0530128723053824,1.0332505702972412,0.01976230200814122,1.8767388821064657
mp-1219720,PtSeS,3.973971626536215,3.1506543159484863,0.8233173105877287,20.71774506617066
mp-1219728,PrZnAgP2,1.0410881024463166,1.3611931800842285,0.32010507763791196,30.747165094456363
mp-1220883,NaSbTe2,0.9525349914117551,0.9055002927780151,0.04703469863373999,4.937844704689506
mp-1220963,NaNdS2,1.9580993262768058,1.8779683113098145,0.08013101496699138,4.092285508281907
mp-1221224,Na3BrCl2,0.9356209571968621,1.0789856910705566,0.14336473387369453,15.322950257892678
mp-1221385,Na2BrCl,0.9100707389276038,1.0746216773986816,0.16455093847107782,18.081115174077457
mp-1221402,MoWSe4,3.6134158762350674,3.8405680656433105,0.2271521894082431,6.286356101499177
mp-1221485,Mo2SeS3,3.997294100098317,3.679145097732544,0.3181490023657729,7.9591091973429675
mp-1223311,KRbCl2,0.867195914017541,0.6646220684051514,0.20257384561238967,23.359640230995385
mp-1223313,KNaCl2,1.2623685409178793,1.2272119522094727,0.035156588708406655,2.7849702815664266
mp-1223447,KLaF4,1.5300493205370138,1.1470282077789307,0.38302111275808315,25.033252694341325
mp-1223660,InGaN2,4.298527085213454,4.3934431076049805,0.09491602239152641,2.2081057187711806
mp-1223790,K3BrCl2,0.9844317876481139,0.7932851910591125,0.19114659658900135,19.4169468100645
mp-1223843,HoBiTe3,1.322397365922498,1.3183867931365967,0.004010572785901223,0.30328045784509466
mp-1223861,K2PdBr3Cl,-0.8094374826326766,-0.704958438873291,0.10447904375938555,12.907611273395677
mp-1225301,DyAgTe2,0.07574192477740106,-0.04897889494895935,0.12472081972636041,164.6655007684371
mp-1225475,ErScB2O6,1.941330238120248,1.8872041702270508,0.05412606789319718,2.788091733717927
mp-1227052,CaHF,2.8511035653911794,2.9280648231506348,0.07696125775945539,2.69934977787789
mp-1227340,BiSbTe3,1.0965429402166234,0.743371844291687,0.35317109592493634,32.207684986341434
mp-1227998,AlSiCN,5.4643910162141545,5.279181957244873,0.18520905896928141,3.389381514238675
mp-1228809,AlReSi,3.1187645287606625,3.08433198928833,0.03443253947233238,1.1040442186257393
mp-1238775,NaBC,4.327382358088839,3.8075168132781982,0.5198655448106404,12.01339520735662
mp-1403065,TiZnF6,0.8236644656032462,0.6903089880943298,0.1333554775089164,16.190509980450322
mp-471,CdAs2,-1.083092948179274,0.41851678490638733,1.5016097330856613,138.64089278855818
mp-612,PS,-1.5718951435846258,-0.40483641624450684,1.167058727340119,74.24532941037668
mp-1683,ZrSe3,1.2462551943431148,1.4090502262115479,0.16279503186843303,13.062736477037532
mp-2991,Cs2UO4,1.426353841976479,1.0869038105010986,0.33945003147538033,23.798444781766708
mp-3733,BeTl2F4,-1.020719477177799,-0.6735710501670837,0.34714842701071524,34.01016976481635
mp-4077,CdC2N2,0.08191557226264017,-0.445854514837265,0.5277700870999051,644.2854179273178
mp-4112,Tl2SO4,-1.048465106178956,-0.9967030882835388,0.051762017895417234,4.936932816396686
mp-7220,NaY3SiS7,0.8792702813937726,1.1344890594482422,0.2552187780544696,29.026203143123443
mp-7610,Li2CaSiO4,2.11325814196445,1.9009191989898682,0.2123389429745819,10.047941553282984
mp-8627,SmBO3,1.0003588882662484,1.1169846057891846,0.11662571752293616,11.658387693746954
mp-9692,K2GeSe3,-0.6158530627484069,-0.8920152187347412,0.2761621559863343,44.842215244312946
mp-9754,Tl2Cr3O12,-0.7314495300894033,-0.7605659365653992,0.029116406475995893,3.9806446348303846
mp-10621,RbSbS2,-0.8114357865182592,-0.6744186282157898,0.1370171583024694,16.885767250959937
mp-10960,Tb2Ti2S2O5,0.6638852315219617,0.7747364044189453,0.11085117289698365,16.697339786103775
mp-11649,Ca3SiO,1.2577743661824006,0.9293525218963623,0.32842184428603827,26.111348196963576
mp-14628,ZnSnO3,1.4412879082042178,1.3828847408294678,0.05840316737475004,4.052151346188553
mp-17566,Ba5P4,-0.3683242258583491,-0.39415258169174194,0.025828355833392824,7.012396692941383
mp-18164,Tb3S3N,0.9916036332688922,1.0403141975402832,0.04871056427139098,4.91230191551569
mp-18473,RbLaMo2O8,0.15195804794304418,-0.03764096274971962,0.1895990106927638,124.77062798531603
mp-18734,HoVO4,1.677037783150007,1.869621753692627,0.19258397054262,11.483579706885699
mp-19169,PrVO4,1.7805920450390682,1.8830175399780273,0.10242549493895914,5.752328009345443
mp-19447,Cs2NaVO4,-0.6740536756518872,0.18697990477085114,0.8610335804227384,127.739616520898
mp-19496,KV2SbO8,-0.0071642437312709395,0.055651046335697174,0.06281529006696811,876.7888478275521
mp-21835,Cs2In2Sb3,-1.1838732948636503,-1.3037347793579102,0.11986148449425982,10.124519660532131
mp-22253,ZnIn2S4,1.6142469739176974,1.4144184589385986,0.19982851497909881,12.379054643300641
mp-22660,InAgO2,3.0853833973352764,2.949676513671875,0.13570688366340145,4.398379915462244
mp-23099,Cs2PdI2Br4,-1.0337816813965346,-1.4090182781219482,0.37523659672541365,36.29747010205355
mp-23228,PCl5,-1.5945389651907977,-0.8297576904296875,0.7647812747611102,47.962532835915916
mp-23496,CsAg2I3,-2.4256099235400854,-1.7666122913360596,0.6589976322040259,27.168326852911445
mp-23684,NaHCO2,-0.7025874172452472,0.008562831208109856,0.7111502484533571,101.21875669816059
mp-24113,SnH8N2F6,-0.29401310795359,-0.17743489146232605,0.11657821649126393,39.650686767906215
mp-24356,CdH4NCl3,-0.8403482395053682,-1.2895066738128662,0.449158434307498,53.44908374793219
mp-24565,BaHClO,0.19194421327968977,-0.014162130653858185,0.20610634393354796,107.37825351016023
mp-27362,NbS2Cl2,1.6997549644009373,1.2770800590515137,0.42267490534942365,24.866813993885962
mp-28765,CBr3F,-2.093969566447809,-1.2980518341064453,0.7959177323413638,38.00999523080707
mp-34993,LiAlO2,5.435666313487783,2.7034735679626465,2.7321927455251362,50.26417347852302
mp-36903,KNO3,-1.051050822744063,-1.0529279708862305,0.0018771481421675507,0.17859727632073288
mp-614311,CsCSN,-2.119859519878456,-1.1428580284118652,0.9770014914665905,46.08802999939392
mp-619071,PbCl2,-0.5755793770099299,-0.11411891877651215,0.46146045823341775,80.17320923321695
mp-632812,KH4F5,-1.162784241690949,-1.0456998348236084,0.11708440686734067,10.069314896895548
mp-672186,TeS7Cl2,-2.043653657110229,-1.5952117443084717,0.44844191280175716,21.943146346816118
mp-732337,H6PbCBr3N,-1.1984793050565865,-0.9938852190971375,0.20459408595944906,17.071140494143876
mp-752445,TiV2O7,0.05714585344162268,0.0986054465174675,0.04145959307584482,72.55048368154628
mp-756743,Li3CrClO4,-0.05389202979021764,0.4416444003582001,0.4955364301484177,919.498545661322
mp-756830,MgCu2Si4O12,2.090920082264228,1.7660119533538818,0.32490812891034615,15.539002741726392
mp-773582,LiTeH12N4,-0.643711857222311,-1.0798211097717285,0.43610925254941757,67.74914080832347
mp-775909,ZrO2,2.4049641823059886,1.9006538391113281,0.5043103431946605,20.969557339149432
mp-776599,NaTi2P3O12,0.3731895158614238,0.33957135677337646,0.03361815908804733,9.00833428035817
mp-777814,Na6Sn2O7,0.9850400413373072,0.9780972003936768,0.006942840943630402,0.7048282965436291
mp-779108,Be2P2O7,1.2649209168808746,1.0407829284667969,0.22413798841407773,17.719525815635333
mp-780869,Tm2WO6,1.1048197915577238,1.2019691467285156,0.09714935517079182,8.79323088825351
mp-861257,Tb3SbO7,1.2675989543714279,1.1383559703826904,0.12924298398873746,10.195889129052333
mp-866097,CuH6BrN2,-0.9719368476793148,-0.9953183531761169,0.02338150549680218,2.4056609801994853
mp-973783,H,0.3689019919573573,0.45756542682647705,0.08866343486911976,24.034414777399384
mp-997570,H6CIN,-0.9887182429128444,-0.8843693733215332,0.10434886959131118,10.553954105660164
mp-1007694,SnPO4F,1.1629643295073315,0.9290415048599243,0.2339228246474072,20.114359375622836
mp-1018736,KCdAs,0.5503594417429942,0.7964183688163757,0.2460589270733815,44.70876819958067
mp-1018891,PdCl2,0.9985568027767604,0.6740623116493225,0.3244944911274379,32.4963477515843
mp-1018941,PrTeCl,1.5560586737000761,1.4205338954925537,0.1355247782075224,8.70949023311985
mp-1020631,ZnGeO3,2.0534079555571414,1.8093526363372803,0.24405531921986112,11.885379062615094
mp-1020633,RbMgBO3,0.4943322343769663,0.7705830335617065,0.27625079918474027,55.88363047635648
mp-1020654,SrBeB2O5,1.4769441634103262,2.2842507362365723,0.8073065728262461,54.660602128799596
mp-1025377,CdAg2I4,-0.4774800758150962,-0.5791301131248474,0.1016500373097512,21.288854228362627
mp-1026034,MoW2S6,4.264472482047841,4.333122253417969,0.06864977137012751,1.6098068790248405
mp-1029275,SrZrN2,1.5278279129331265,1.7473223209381104,0.21949440800498388,14.36643526060459
mp-1042261,CaAg2O4,1.313091606302572,1.3660430908203125,0.052951484517740566,4.032581143888533
mp-1077506,BN,2.8336306204102097,5.257265567779541,2.4236349473693313,85.53108262990447
mp-1095485,BaGeP2O8,-0.3224948447913528,1.2635092735290527,1.5860041183204054,491.7920841018454
mp-1102232,HCN,5.343778689868902,5.1631364822387695,0.1806422076301324,3.380420824174589
mp-1188730,PrHo3S6,1.3176190073081522,1.2538273334503174,0.0637916738578348,4.841435460783074
mp-1188862,LaHo3S6,1.3059970426864103,1.1675567626953125,0.13844027999109776,10.600351721036736
mp-1189069,NdEr3S6,1.37421322041073,1.38358473777771,0.009371517366979942,0.6819551164104612
mp-1191139,Sm3SbO7,0.6305715399773884,0.7042821645736694,0.07371062459628108,11.689494359184728
mp-1191443,La3AlCdS7,0.47793720473875384,0.39746540784835815,0.08047179689039569,16.837315884287044
mp-1191650,VCuBi2O7,0.41260962441538684,0.4174743890762329,0.004864764660846066,1.1790235547071382
mp-1194184,Rb2PtC4I2N4,-1.8753802575639962,-1.4399158954620361,0.43546436210196005,23.22005685756773
mp-1206803,Y2CI2,1.13210669501565,1.4583899974822998,0.3262833024666498,28.820896820342483
mp-1207136,RbAgC2,2.429192426020693,2.3499722480773926,0.07922017794330038,3.2611734292730565
mp-1215688,ZnInGaO4,3.337422387499012,2.8949663639068604,0.44245602359215175,13.257417618143268
mp-1216069,Y3ScN4,3.9121179068981924,2.127190113067627,1.7849277938305654,45.625613447979745
mp-1218892,SnTePbSe,-0.3701974622891696,0.7154140472412109,1.0856115095303807,293.252012808879
mp-1219553,RbBH4,3.041380490620839,1.9704437255859375,1.0709367650349013,35.212192895216816
