target,prediction
-0.894292, 0.042516
0.04251614958047867,-0.894292414188385
-0.799907, 0.862482
0.8624821901321411,-0.7999066710472107
-0.584981, 0.107436
0.10743580758571625,-0.5849806070327759
-0.705446, 0.258415
0.25841549038887024,-0.7054457068443298
-0.038385, 0.818732
0.8187322616577148,-0.0383848212659359
-0.327107, 0.377780
0.37778037786483765,-0.3271065950393677
-1.197641, 0.322840
0.322839617729187,-1.197641134262085
-0.738815, 0.146469
0.14646907150745392,-0.7388145923614502
-0.171188, 0.453810
0.45381009578704834,-0.17118793725967407
-0.880924, 0.146436
0.14643624424934387,-0.88092440366745
-0.069458, 0.269331
0.26933056116104126,-0.06945765763521194
-1.106541, 1.595922
1.5959224700927734,-1.106540560722351
-1.685188, 0.480891
0.48089075088500977,-1.685187816619873
-0.473899, 0.118439
0.11843894422054291,-0.4738985598087311
-0.078377, 0.493339
0.49333906173706055,-0.0783768817782402
-0.052352, 0.179114
0.17911413311958313,-0.0523516945540905
-1.763184, 0.211908
0.21190834045410156,-1.7631840705871582
-0.351550, 0.108654
0.10865427553653717,-0.35155028104782104
-0.503896, 0.316066
0.3160663843154907,-0.503896176815033
-0.267056, 0.487874
0.487874299287796,-0.26705631613731384
-1.207661, 0.525029
0.525028645992279,-1.2076605558395386
-0.799413, 0.156832
0.15683186054229736,-0.79941326379776
-0.550260, 1.391852
1.3918516635894775,-0.5502599477767944
-0.093078, 0.979366
0.9793659448623657,-0.09307816624641418
-0.892564, 0.491214
0.491214394569397,-0.8925637602806091
-0.909521, -0.062576
-0.06257613003253937,-0.9095207452774048
-0.343233, 0.289362
0.2893621325492859,-0.3432326018810272
-0.974433, 0.576898
0.5768978595733643,-0.9744327664375305
-1.680071, 0.056832
0.05683233588933945,-1.6800706386566162
-0.103279, 0.324634
0.3246343731880188,-0.10327912867069244
-1.478044, 0.498201
0.49820074439048767,-1.4780442714691162
-0.655579, 0.001642
0.0016417000442743301,-0.6555792689323425
-0.074787, 0.634506
0.634506344795227,-0.07478737086057663
-0.347259, 0.104955
0.10495524108409882,-0.3472594618797302
-0.040082, 0.648731
0.6487314701080322,-0.0400819294154644
-0.663587, 0.366373
0.36637282371520996,-0.6635866761207581
-0.734617, 0.171685
0.1716846525669098,-0.7346171140670776
-0.928458, 0.038127
0.03812688589096069,-0.928458034992218
-0.886514, 0.169604
0.16960379481315613,-0.8865136504173279
-0.384182, 0.781814
0.7818140387535095,-0.38418176770210266
-0.175699, 0.171372
0.17137199640274048,-0.17569880187511444
-0.259991, 0.555546
0.555546224117279,-0.2599906921386719
-0.475413, 0.068463
0.06846309453248978,-0.47541260719299316
-1.180658, 0.116538
0.11653792858123779,-1.180657982826233
-0.111659, 0.156284
0.15628379583358765,-0.11165880411863327
-0.138895, 0.418075
0.41807466745376587,-0.13889533281326294
-0.583618, 0.570072
0.5700722336769104,-0.5836179852485657
-1.458647, 0.503270
0.503269612789154,-1.4586466550827026
-0.342354, 0.092055
0.09205455332994461,-0.3423537313938141
-0.070260, 0.380067
0.38006728887557983,-0.07026007026433945
-1.163385, 1.006434
1.0064337253570557,-1.163385272026062
-0.677794, -0.065087
-0.06508669257164001,-0.6777936816215515
-0.141262, 0.760561
0.760561466217041,-0.14126233756542206
-0.281509, 0.289377
0.2893766462802887,-0.2815086245536804
-0.710160, 0.265000
0.2649998068809509,-0.7101603150367737
-0.306545, -0.198149
-0.19814935326576233,-0.3065450191497803
-1.083849, 0.235746
0.23574614524841309,-1.0838485956192017
-0.241746, 0.173565
0.1735653579235077,-0.24174638092517853
-0.293491, 1.041058
1.041057825088501,-0.2934912443161011
-0.175229, -0.065027
-0.0650271624326706,-0.17522920668125153
-0.147658, 1.419327
1.4193272590637207,-0.14765802025794983
-1.050218, 0.821266
0.8212661743164062,-1.0502177476882935
-0.449932, 0.486250
0.48625046014785767,-0.44993171095848083
-0.810386, 0.124917
0.12491666525602341,-0.8103863596916199
-0.104175, 0.757845
0.7578445672988892,-0.1041746437549591
-0.119911, 0.225509
0.22550928592681885,-0.1199113205075264
-0.140784, 0.858792
0.8587923049926758,-0.14078417420387268
-0.172212, 0.540124
0.5401235818862915,-0.17221158742904663
-3.024120, 0.969712
0.9697118997573853,-3.0241196155548096
-0.726496, 0.479106
0.4791063666343689,-0.7264958024024963
-0.731657, 0.237501
0.2375013530254364,-0.7316572666168213
-0.598529, 0.461010
0.4610101282596588,-0.5985285639762878
-0.031384, 0.533455
0.5334548950195312,-0.03138437867164612
-0.976281, 0.275803
0.27580273151397705,-0.9762807488441467
-0.071295, 0.288563
0.2885628640651703,-0.07129454612731934
-0.204315, 1.315434
1.3154337406158447,-0.20431527495384216
-0.544597, 0.335465
0.3354654908180237,-0.5445969104766846
-0.167388, 0.275711
0.2757108211517334,-0.16738781332969666
-0.764966, 0.231972
0.23197180032730103,-0.7649659514427185
-0.927740, 0.225029
0.22502946853637695,-0.9277403950691223
-0.142916, 0.497365
0.4973651170730591,-0.14291606843471527
-1.114308, 0.167391
0.1673908829689026,-1.1143079996109009
-0.055356, 0.805957
0.8059569597244263,-0.05535639077425003
-0.925489, 1.052821
1.052821159362793,-0.9254894256591797
-0.032791, 0.093417
0.09341748058795929,-0.03279092535376549
-0.272030, 0.242224
0.24222375452518463,-0.27202969789505005
-0.116057, 0.535782
0.5357824563980103,-0.11605681478977203
-0.042394, 0.305988
0.3059881627559662,-0.04239426553249359
-0.324493, 0.140980
0.14098016917705536,-0.3244934678077698
-0.483102, 0.512775
0.5127754807472229,-0.4831019341945648
-0.628144, 0.329580
0.3295803368091583,-0.6281442642211914
-0.278497, 0.172757
0.17275682091712952,-0.2784970700740814
-0.852713, 0.138803
0.13880281150341034,-0.8527131080627441
-0.579733, 0.698189
0.6981886625289917,-0.5797329545021057
-0.220292, 0.874949
0.874949038028717,-0.22029203176498413
-0.225876, 0.651937
0.651936948299408,-0.22587621212005615
-0.009855, 0.815763
0.8157627582550049,-0.009855375625193119
-0.416774, 0.562431
0.562430739402771,-0.4167739748954773
-1.132011, 0.359987
0.3599873483181,-1.13201105594635
-0.712350, 0.102141
0.10214127600193024,-0.7123499512672424
-1.007860, 1.874961
1.874961256980896,-1.0078599452972412
-1.345440, 0.240548
0.24054774641990662,-1.345440149307251
-0.755689, 0.551597
0.5515974760055542,-0.7556890249252319
-0.370264, 0.450322
0.4503224194049835,-0.3702635169029236
-0.522644, 0.266379
0.26637911796569824,-0.5226439237594604
-0.344012, 0.237455
0.2374545931816101,-0.34401172399520874
-0.178675, 0.975910
0.9759095907211304,-0.17867492139339447
-0.824780, 0.184701
0.18470144271850586,-0.8247802257537842
-0.868063, 0.697346
0.6973462104797363,-0.8680627346038818
-0.205221, 0.532684
0.5326836109161377,-0.20522095263004303
-0.015354, 0.572255
0.5722545385360718,-0.01535434927791357
-0.634436, 0.295376
0.29537591338157654,-0.6344358325004578
-0.341362, 0.945562
0.945562481880188,-0.3413623571395874
-0.177089, -0.168298
-0.16829755902290344,-0.17708878219127655
-1.223237, 0.537787
0.537787139415741,-1.2232372760772705
-1.098625, 1.010569
1.0105687379837036,-1.0986254215240479
-0.408018, 4.563418
4.563418388366699,-0.4080183506011963
-0.096593, 0.271713
0.2717133164405823,-0.09659331291913986
-0.206321, 0.922980
0.9229796528816223,-0.2063205987215042
-0.601645, 0.272040
0.272039532661438,-0.6016450524330139
-0.154025, 0.331214
0.33121398091316223,-0.15402476489543915
-0.062643, 0.255091
0.25509148836135864,-0.06264347583055496
-0.840363, 0.784361
0.7843611836433411,-0.8403630256652832
-0.972950, -0.001801
-0.0018005017191171646,-0.9729500412940979
-1.922493, 0.975279
0.9752785563468933,-1.9224934577941895
-0.375063, 0.996669
0.9966688752174377,-0.3750627934932709
-0.474668, 1.305097
1.3050968647003174,-0.47466757893562317
-0.310086, 1.697530
1.6975295543670654,-0.31008630990982056
-0.169192, 0.077882
0.07788167893886566,-0.16919179260730743
-1.292715, 0.512265
0.5122650265693665,-1.2927145957946777
-0.149254, 0.841397
0.8413969278335571,-0.1492539495229721
-0.295291, 4.187460
4.187459945678711,-0.2952911853790283
-0.354760, 6.643888
6.643887519836426,-0.35476040840148926
-0.378019, 1.871169
1.871168613433838,-0.3780186176300049
-0.197663, 0.370527
0.3705274164676666,-0.19766327738761902
-0.412722, 3.870538
3.8705382347106934,-0.4127223491668701
-0.236105, 4.655091
4.655090808868408,-0.2361045926809311
-0.036952, 4.406194
4.406193733215332,-0.03695230931043625
-0.133593, 0.168721
0.1687210500240326,-0.13359282910823822
-0.169621, 1.079108
1.0791083574295044,-0.1696212887763977
-1.570298, 0.555285
0.555284857749939,-1.5702983140945435
-0.721702, 0.410288
0.4102882444858551,-0.7217016220092773
-0.698780, 0.262225
0.2622254490852356,-0.6987800002098083
-0.041966, 0.478609
0.4786086976528168,-0.04196593165397644
-0.003883, 0.727283
0.7272829413414001,-0.003883111523464322
-0.116362, 4.414858
4.414858341217041,-0.11636198312044144
-0.107804, 0.124328
0.12432833015918732,-0.1078040599822998
-0.643575, 0.187094
0.18709397315979004,-0.6435749530792236
-0.004475, 0.079783
0.07978271692991257,-0.004475383087992668
-1.579877, 0.464045
0.46404504776000977,-1.579877257347107
-0.332440, 0.516420
0.5164197087287903,-0.33244040608406067
-0.752651, 0.040819
0.04081939160823822,-0.7526513934135437
-0.107080, 0.342997
0.3429966866970062,-0.10708042234182358
-0.930683, 0.326747
0.32674744725227356,-0.930683434009552
-0.043810, 0.335590
0.33559033274650574,-0.043810248374938965
-0.180703, 0.164836
0.1648358404636383,-0.18070343136787415
-0.674667, -0.119293
-0.11929288506507874,-0.6746673583984375
-0.329937, 0.384397
0.38439685106277466,-0.32993727922439575
-0.377184, 0.336358
0.3363580107688904,-0.3771840035915375
-0.702790, 0.603529
0.603528618812561,-0.702790379524231
-0.796579, -0.065801
-0.06580093502998352,-0.7965790033340454
-1.050257, 0.144253
0.1442527323961258,-1.0502569675445557
-0.439256, 0.090274
0.09027428179979324,-0.43925613164901733
-0.335903, 0.086178
0.0861777737736702,-0.33590322732925415
-0.114397, -0.100186
-0.10018634796142578,-0.11439654976129532
-0.755556, 0.237663
0.23766273260116577,-0.7555555701255798
-0.717455, 0.094796
0.09479637444019318,-0.7174553275108337
-0.436829, 0.075987
0.07598742842674255,-0.4368290305137634
-0.000940, 0.182476
0.18247641623020172,-0.0009397847461514175
-0.029308, -0.019201
-0.019201120361685753,-0.029307974502444267
-0.331602, 0.461287
0.4612872898578644,-0.33160242438316345
-1.492434, 0.168793
0.1687934249639511,-1.4924339056015015
-1.251026, 0.087822
0.08782192319631577,-1.251025676727295
-0.913723, 0.016611
0.01661117561161518,-0.9137229919433594
-0.752381, 0.458860
0.45885956287384033,-0.7523811459541321
-0.225632, 0.864051
0.8640514612197876,-0.22563232481479645
-0.119771, 0.416511
0.41651055216789246,-0.11977064609527588
-0.128460, -0.078511
-0.07851065695285797,-0.12846021354198456
-0.453474, 0.432052
0.43205225467681885,-0.45347434282302856
-1.020940, 0.100055
0.10005476325750351,-1.0209399461746216
-0.399196, 0.078044
0.07804414629936218,-0.39919570088386536
-1.181885, 0.676923
0.6769232749938965,-1.1818854808807373
-0.031406, -0.055809
-0.05580943077802658,-0.031406160444021225
-0.158992, 0.092394
0.09239388257265091,-0.15899190306663513
-1.579343, 0.285859
0.2858588695526123,-1.5793434381484985
-1.014019, 0.074585
0.07458489388227463,-1.01401948928833
-0.838787, 0.029022
0.029021622613072395,-0.8387867212295532
-1.326811, 0.517913
0.517912745475769,-1.3268109560012817
-0.358162, 0.613017
0.6130169630050659,-0.3581618070602417
-0.864666, 0.493948
0.4939475953578949,-0.8646660447120667
-0.406325, 0.474918
0.47491759061813354,-0.4063250720500946
-0.420403, 0.543189
0.5431894063949585,-0.4204033613204956
-1.169101, 0.670133
0.6701330542564392,-1.1691012382507324
-1.535796, 0.129095
0.1290946751832962,-1.5357955694198608
-1.431273, 0.382793
0.3827930986881256,-1.4312729835510254
-1.247210, 0.597938
0.5979380011558533,-1.2472096681594849
-0.652484, 0.041685
0.04168454930186272,-0.6524842977523804
-0.234278, 0.138784
0.13878415524959564,-0.2342783659696579
-0.395890, 0.088497
0.08849732577800751,-0.3958904445171356
-1.482760, 0.453437
0.4534371793270111,-1.4827595949172974
-0.921730, 0.063144
0.06314388662576675,-0.9217300415039062
-0.295551, 0.042931
0.042930781841278076,-0.2955508232116699
-0.120257, 0.203233
0.20323291420936584,-0.1202571764588356
-0.616092, 0.798289
0.7982888221740723,-0.6160916686058044
-0.020191, 1.042913
1.0429134368896484,-0.020191436633467674
-0.652556, 0.306434
0.30643436312675476,-0.6525556445121765
-0.669870, 0.233640
0.23364028334617615,-0.6698702573776245
-0.266264, 0.591127
0.5911270976066589,-0.2662642002105713
-0.618704, -0.006206
-0.006205929443240166,-0.6187043786048889
-1.090938, 0.280560
0.2805596888065338,-1.0909383296966553
-1.296543, 0.304138
0.3041381537914276,-1.2965428829193115
-0.755824, 0.701135
0.7011353969573975,-0.75582355260849
-0.501367, 0.383603
0.38360267877578735,-0.5013672113418579
-0.337253, 0.316824
0.3168242573738098,-0.33725282549858093
-1.361528, 0.106208
0.10620798170566559,-1.361527919769287
-1.786530, -0.012398
-0.012397510930895805,-1.7865298986434937
-0.359443, 0.037048
0.03704819828271866,-0.35944297909736633
-0.779452, 0.251788
0.25178760290145874,-0.7794519066810608
-1.337188, 0.044967
0.04496659338474274,-1.3371883630752563
-0.760514, 1.227659
1.227658987045288,-0.7605143189430237
-0.239595, 0.365577
0.36557716131210327,-0.2395947277545929
-0.357211, 0.032561
0.032560527324676514,-0.3572113811969757
-1.084816, 0.204312
0.20431159436702728,-1.0848157405853271
-0.182221, 0.232644
0.23264388740062714,-0.18222051858901978
-0.046466, -0.066089
-0.06608937680721283,-0.04646607115864754
-1.205422, 0.021568
0.021567704156041145,-1.2054224014282227
-0.546543, 0.398294
0.3982943296432495,-0.5465427041053772
-1.085087, 0.452120
0.4521201550960541,-1.0850869417190552
-0.158280, 0.203738
0.20373770594596863,-0.1582803875207901
-0.469462, 1.041853
1.0418530702590942,-0.46946215629577637
-0.842087, -0.326426
-0.3264262080192566,-0.8420867919921875
-1.289158, 0.689929
0.6899286508560181,-1.2891584634780884
-1.294768, 0.327390
0.3273897171020508,-1.294768214225769
-1.471470, 0.933809
0.9338091015815735,-1.4714696407318115
-0.592939, -0.071270
-0.07127039134502411,-0.5929388999938965
-1.211487, 0.715053
0.7150534391403198,-1.2114869356155396
-0.791410, 0.082338
0.08233804255723953,-0.7914096713066101
-1.448830, 0.120568
0.12056811153888702,-1.448830246925354
-0.294240, 0.474484
0.4744841754436493,-0.29423993825912476
-1.003584, 0.593996
0.5939960479736328,-1.0035839080810547
-0.541572, 0.656767
0.6567671298980713,-0.5415722131729126
-0.759897, 0.245863
0.24586263298988342,-0.7598974704742432
-0.051694, 0.284878
0.28487759828567505,-0.05169367790222168
-0.852234, 0.364179
0.36417874693870544,-0.85223388671875
-0.308626, 0.671115
0.6711147427558899,-0.3086261451244354
-1.090090, -0.097235
-0.09723460674285889,-1.0900896787643433
-2.113192, 0.877011
0.8770114183425903,-2.113191604614258
-0.616010, 0.047947
0.04794667661190033,-0.6160103678703308
-0.011775, 1.166754
1.1667537689208984,-0.011774567887187004
-1.088821, 1.042492
1.042492389678955,-1.0888210535049438
-0.869774, 0.062779
0.0627792477607727,-0.869774341583252
-0.840547, 1.028521
1.0285205841064453,-0.840546727180481
-0.656067, 0.120490
0.12049023807048798,-0.656067430973053
-0.998946, -0.120461
-0.12046147882938385,-0.9989457726478577
-0.240533, 0.560554
0.5605535507202148,-0.2405325174331665
-0.265868, 0.626140
0.6261396408081055,-0.2658676207065582
-0.125716, 0.521590
0.5215895175933838,-0.12571588158607483
-0.700852, 0.472382
0.47238174080848694,-0.7008522152900696
-0.242869, 0.287270
0.287270188331604,-0.24286900460720062
-1.904983, 0.673907
0.6739068031311035,-1.9049832820892334
-0.994419, 0.723370
0.7233699560165405,-0.9944186806678772
-1.621191, 0.822375
0.8223748803138733,-1.6211907863616943
-1.709658, 0.711650
0.7116503119468689,-1.7096576690673828
-0.294136, 0.363623
0.3636227548122406,-0.2941356897354126
-1.306521, 0.190151
0.19015134871006012,-1.3065211772918701
-0.532625, 0.591216
0.5912160873413086,-0.5326247215270996
-0.582403, 0.337213
0.33721333742141724,-0.582403302192688
-0.251255, 0.208312
0.20831230282783508,-0.2512547969818115
-0.142172, 0.057819
0.057819053530693054,-0.14217214286327362
-0.798523, 0.060836
0.06083643436431885,-0.7985225915908813
-0.138600, 1.136375
1.1363749504089355,-0.13859950006008148
-1.005467, 0.386013
0.38601255416870117,-1.0054665803909302
-0.581915, 0.518452
0.5184515118598938,-0.5819148421287537
-0.304886, 1.434757
1.4347569942474365,-0.3048858642578125
-1.503599, 1.370142
1.3701422214508057,-1.5035990476608276
-0.558133, 0.599627
0.5996271371841431,-0.5581331253051758
-0.474122, -0.004492
-0.004491833969950676,-0.4741221070289612
-1.088184, 0.264673
0.2646729648113251,-1.0881844758987427
-0.749735, -0.013134
-0.013134239241480827,-0.7497346997261047
-1.323800, 0.175633
0.17563331127166748,-1.3238000869750977
-2.248175, 1.252599
1.2525986433029175,-2.2481751441955566
-0.636354, 0.514337
0.5143368244171143,-0.636353611946106
-0.225913, 0.464603
0.46460339426994324,-0.22591251134872437
-0.178044, 0.232734
0.23273390531539917,-0.17804431915283203
-0.210790, 0.252474
0.25247374176979065,-0.21078994870185852
-1.365084, 0.077454
0.07745407521724701,-1.3650838136672974
-0.530386, 0.011068
0.01106795109808445,-0.5303864479064941
-0.749955, 0.645839
0.6458387970924377,-0.7499547004699707
-1.228319, 0.425613
0.4256129860877991,-1.2283188104629517
-1.312003, 0.232612
0.23261231184005737,-1.3120033740997314
-1.704761, 0.091753
0.09175344556570053,-1.7047607898712158
-0.631838, 0.213050
0.21305015683174133,-0.631837785243988
-2.660219, 1.181343
1.1813427209854126,-2.660219192504883
-2.218569, 0.280574
0.2805735468864441,-2.2185685634613037
-0.874567, 0.548240
0.5482401847839355,-0.8745673298835754
-0.473614, 0.517637
0.5176374912261963,-0.47361427545547485
-1.286456, 0.939816
0.9398155212402344,-1.286455750465393
-0.118051, 0.005468
0.005468288436532021,-0.11805058270692825
-0.113100, 0.147220
0.14722014963626862,-0.11309967935085297
-0.220459, 0.465187
0.4651866555213928,-0.22045932710170746
-1.795441, 0.302949
0.30294927954673767,-1.7954411506652832
-0.493160, 0.006266
0.00626644492149353,-0.4931601285934448
-0.280577, 0.078900
0.07889974117279053,-0.2805768549442291
-0.219554, 0.284345
0.2843446433544159,-0.2195541113615036
-0.501495, 0.151736
0.1517358124256134,-0.5014946460723877
-0.426547, 0.243625
0.24362456798553467,-0.4265468716621399
-0.336560, 0.073377
0.07337699830532074,-0.3365602195262909
-0.829756, 0.523560
0.5235601663589478,-0.829755961894989
-0.526283, 0.509830
0.5098298788070679,-0.5262827277183533
-0.441103, 0.528732
0.5287322998046875,-0.44110289216041565
-0.719298, 0.771830
0.771830141544342,-0.7192984223365784
-1.236204, 0.755445
0.755445122718811,-1.2362043857574463
-1.657857, 0.258060
0.2580602169036865,-1.6578565835952759
-1.234504, 0.928550
0.9285504221916199,-1.2345043420791626
-0.766035, 0.714985
0.7149851322174072,-0.7660345435142517
-1.554699, 0.459696
0.45969563722610474,-1.554699182510376
-0.343780, 0.568706
0.5687057375907898,-0.34377995133399963
-1.529618, -0.072309
-0.07230865955352783,-1.5296176671981812
-0.694739, 0.741907
0.7419068217277527,-0.6947386264801025
-2.406502, 0.711465
0.7114646434783936,-2.4065024852752686
-1.074069, 0.817748
0.8177475333213806,-1.0740686655044556
-0.774019, 0.069633
0.06963275372982025,-0.7740187644958496
-0.649310, 0.143805
0.1438051462173462,-0.649309515953064
-0.626551, 0.303036
0.3030363917350769,-0.6265513896942139
-1.047914, 0.598057
0.5980573892593384,-1.0479137897491455
-0.419905, 0.239622
0.23962214589118958,-0.41990548372268677
-1.117143, 0.541939
0.541938841342926,-1.1171433925628662
-1.471859, 0.554648
0.5546481609344482,-1.4718588590621948
-0.223043, 0.259768
0.2597678005695343,-0.22304275631904602
-0.838760, 0.114806
0.11480601131916046,-0.8387596607208252
-0.645096, 1.190565
1.1905651092529297,-0.6450960040092468
-0.109989, 0.245743
0.24574291706085205,-0.1099894791841507
-0.417149, 0.198616
0.1986159086227417,-0.41714856028556824
-1.050355, 0.571412
0.5714117288589478,-1.0503554344177246
-1.338465, 0.185213
0.18521276116371155,-1.3384654521942139
-0.127872, 0.444084
0.4440843462944031,-0.1278715580701828
-0.954130, 0.134989
0.13498885929584503,-0.9541299343109131
-0.944935, 0.588507
0.5885066986083984,-0.9449352622032166
-0.881687, 0.412437
0.4124366044998169,-0.8816869258880615
-0.922053, 0.400285
0.40028470754623413,-0.9220526218414307
-1.686552, 0.655263
0.6552629470825195,-1.6865519285202026
-0.620245, 0.481053
0.48105335235595703,-0.620244562625885
-0.058321, 0.809125
0.8091248273849487,-0.05832057073712349
-0.608545, 0.703664
0.7036639451980591,-0.6085448861122131
-1.069751, 0.735813
0.7358125448226929,-1.0697507858276367
-0.630584, 0.015507
0.015506843104958534,-0.6305844783782959
-0.360459, 0.416874
0.41687390208244324,-0.3604588508605957
-0.990409, 1.292215
1.2922148704528809,-0.9904090762138367
-0.654611, 0.107269
0.10726876556873322,-0.6546110510826111
-0.627565, 0.730667
0.7306665182113647,-0.6275652050971985
-0.590669, 0.975265
0.9752654433250427,-0.5906690955162048
-0.974724, 0.667680
0.6676802635192871,-0.9747244715690613
-0.119285, 0.444156
0.4441559612751007,-0.11928509920835495
-0.743247, 0.054675
0.05467510223388672,-0.7432471513748169
-1.076519, 0.192376
0.19237613677978516,-1.0765186548233032
-0.387832, 0.689343
0.6893433928489685,-0.38783177733421326
-0.242681, 0.346970
0.3469701111316681,-0.242680624127388
-0.557557, 0.096472
0.09647154062986374,-0.5575565099716187
-0.742314, 0.381804
0.38180431723594666,-0.7423140406608582
-0.923555, 0.621814
0.6218137741088867,-0.9235547184944153
-1.288079, 0.420467
0.4204670190811157,-1.2880792617797852
-0.769445, 0.319381
0.3193809986114502,-0.7694452404975891
-1.236679, 0.202048
0.20204846560955048,-1.236679196357727
-1.228951, -0.017568
-0.017567986622452736,-1.228951334953308
-0.518719, 0.235619
0.23561936616897583,-0.5187188982963562
-0.942205, 0.843886
0.8438857197761536,-0.9422051310539246
-0.227754, 1.311913
1.3119134902954102,-0.22775398194789886
-1.415479, -0.007541
-0.007540823891758919,-1.4154785871505737
-1.364457, 0.050118
0.05011766403913498,-1.3644568920135498
-0.213550, 0.266409
0.2664085924625397,-0.21354997158050537
-1.178873, -0.070514
-0.07051357626914978,-1.1788727045059204
-0.471500, 0.631090
0.6310904026031494,-0.471500426530838
-0.780275, 0.699704
0.6997042298316956,-0.7802751660346985
-1.369874, 0.161507
0.16150745749473572,-1.3698742389678955
-0.788740, 0.230226
0.23022563755512238,-0.7887400984764099
-0.199090, 1.088452
1.0884515047073364,-0.19909027218818665
-0.745943, 0.524132
0.5241324305534363,-0.7459430694580078
-0.853486, 0.048158
0.048157624900341034,-0.8534863591194153
-1.488219, 0.588072
0.5880720019340515,-1.488219141960144
-0.861060, 0.090025
0.09002451598644257,-0.8610603213310242
-0.407289, 0.219801
0.21980135142803192,-0.4072886109352112
-1.790092, 0.965432
0.9654319882392883,-1.790091872215271
-1.461509, 0.169588
0.16958802938461304,-1.4615094661712646
-1.813608, 0.200254
0.20025357604026794,-1.8136080503463745
-1.275481, 0.081900
0.08189966529607773,-1.2754813432693481
-1.379372, 0.086085
0.08608521521091461,-1.379372477531433
-0.190990, 0.030381
0.03038143925368786,-0.19098958373069763
-1.547551, 0.126510
0.12651003897190094,-1.5475513935089111
-0.889076, -0.098288
-0.09828788042068481,-0.8890756368637085
-1.700575, -0.039423
-0.03942263871431351,-1.7005752325057983
-0.075694, 0.326513
0.3265131413936615,-0.07569355517625809
-0.217131, 0.244156
0.24415647983551025,-0.21713115274906158
-0.267471, -0.044895
-0.044894829392433167,-0.26747071743011475
-0.345869, 0.066085
0.06608469784259796,-0.34586918354034424
-0.415085, 0.570399
0.5703990459442139,-0.4150853157043457
-0.320410, 0.448373
0.44837284088134766,-0.32040950655937195
-0.542332, 0.926246
0.9262455701828003,-0.542332112789154
-0.520887, 0.321038
0.3210384249687195,-0.5208873748779297
-0.915266, 0.638758
0.6387579441070557,-0.915265679359436
-0.984383, 0.166127
0.16612747311592102,-0.9843828678131104
-0.440882, 0.193599
0.19359920918941498,-0.4408816695213318
-0.707643, 0.753211
0.7532111406326294,-0.7076431512832642
-1.055586, 0.239159
0.23915939033031464,-1.0555857419967651
-0.657949, 0.186265
0.18626511096954346,-0.6579489707946777
-0.970991, 0.272355
0.27235546708106995,-0.9709907174110413
-1.249522, 0.240983
0.24098268151283264,-1.249522089958191
-1.698901, 0.526437
0.5264371037483215,-1.6989006996154785
-0.172943, 0.479053
0.47905275225639343,-0.1729428768157959
-1.187679, 0.763325
0.7633247375488281,-1.1876792907714844
-0.179970, 0.253099
0.2530991733074188,-0.17997008562088013
-0.975533, 0.258702
0.25870218873023987,-0.9755325317382812
-1.254853, -0.111132
-0.11113163828849792,-1.254853367805481
-1.790731, 1.136109
1.1361093521118164,-1.790731430053711
-0.905253, 0.865685
0.8656853437423706,-0.9052527546882629
-1.892905, 0.221460
0.22145995497703552,-1.8929051160812378
-1.486287, 0.844353
0.8443527817726135,-1.4862874746322632
-2.103879, 0.888054
0.8880538940429688,-2.10387921333313
-1.096763, 0.689214
0.6892138719558716,-1.0967631340026855
-1.321509, 0.589859
0.589859127998352,-1.3215086460113525
-0.692058, 1.445818
1.4458181858062744,-0.6920576691627502
-1.878400, 0.262439
0.2624385356903076,-1.878400206565857
-1.173727, 0.777176
0.7771764993667603,-1.1737269163131714
-1.911164, 0.601223
0.601223349571228,-1.911164402961731
-1.919553, 0.218108
0.2181081920862198,-1.9195529222488403
-1.674791, 0.167690
0.16769039630889893,-1.674790620803833
-0.254778, 0.374441
0.37444067001342773,-0.25477826595306396
-0.719873, 0.556776
0.5567758083343506,-0.7198725342750549
-1.071863, 0.823974
0.8239737749099731,-1.071863055229187
-1.545042, 0.121535
0.12153466790914536,-1.5450423955917358
-0.858519, 0.769595
0.7695954442024231,-0.8585193753242493
-0.622639, 0.955015
0.955015242099762,-0.6226389408111572
-0.761674, 0.272716
0.2727157175540924,-0.7616744637489319
-1.391751, 0.399918
0.39991796016693115,-1.391750693321228
-1.707356, 0.432523
0.43252331018447876,-1.7073562145233154
-1.088537, 0.326709
0.32670947909355164,-1.0885370969772339
-1.811489, 0.206788
0.20678775012493134,-1.811489224433899
-0.846771, 0.184448
0.18444813787937164,-0.8467705845832825
-1.267979, 0.595072
0.5950722694396973,-1.2679790258407593
-0.521036, 0.368566
0.36856603622436523,-0.5210363864898682
-1.387085, 0.619166
0.6191662549972534,-1.3870846033096313
-1.123427, -0.228890
-0.2288898527622223,-1.123427391052246
-1.862997, 0.091310
0.09130998700857162,-1.8629965782165527
-1.033412, 0.384999
0.38499850034713745,-1.033411979675293
-1.478168, 0.059452
0.0594516396522522,-1.4781683683395386
-1.307196, 0.450862
0.45086169242858887,-1.3071964979171753
-2.050555, 0.819302
0.819302499294281,-2.0505549907684326
-1.821731, 1.446693
1.446692705154419,-1.821731448173523
-0.705760, 0.233650
0.2336495965719223,-0.7057604193687439
-0.268486, 1.003816
1.00381600856781,-0.26848557591438293
-0.961878, 0.816403
0.8164025545120239,-0.9618776440620422
-0.442998, 0.039297
0.039297036826610565,-0.44299793243408203
-0.579763, 0.972597
0.9725971221923828,-0.5797625780105591
-0.687458, 0.209202
0.20920203626155853,-0.6874580979347229
-1.981502, 0.219292
0.2192918360233307,-1.9815016984939575
-0.983397, 0.189509
0.18950875103473663,-0.9833971858024597
-1.147453, 0.239135
0.23913490772247314,-1.1474528312683105
-0.866096, 0.352069
0.3520691692829132,-0.866095781326294
-0.005149, 0.254258
0.2542579472064972,-0.0051489113830029964
-0.415178, 0.897436
0.897436261177063,-0.41517773270606995
-1.495769, 0.180935
0.1809350550174713,-1.4957689046859741
-1.298847, 0.247505
0.2475048005580902,-1.2988468408584595
-0.586641, 0.637237
0.6372373104095459,-0.5866405963897705
-1.349086, 0.489184
0.4891837239265442,-1.3490856885910034
-0.514664, 0.417676
0.41767629981040955,-0.5146639347076416
-0.002896, 0.255957
0.25595661997795105,-0.0028958239126950502
-0.839556, 0.164186
0.16418640315532684,-0.8395559191703796
-0.833123, 0.514159
0.5141593813896179,-0.833122968673706
-0.498500, 0.348945
0.3489454686641693,-0.49850013852119446
-1.289446, 0.313686
0.3136857748031616,-1.2894455194473267
-0.634782, 0.002636
0.0026358645409345627,-0.6347824335098267
-1.692663, 0.305606
0.3056057095527649,-1.6926627159118652
-1.398679, 0.406253
0.40625280141830444,-1.3986790180206299
-0.546137, 0.629839
0.6298391222953796,-0.5461373925209045
-1.329886, 0.083286
0.08328606188297272,-1.3298859596252441
-0.882646, 0.155138
0.15513837337493896,-0.8826457262039185
-1.457791, 0.147713
0.14771319925785065,-1.4577913284301758
-0.364667, 0.455343
0.4553428888320923,-0.36466729640960693
-0.885622, 0.548839
0.5488387942314148,-0.8856222033500671
-1.174421, 0.455136
0.45513591170310974,-1.1744214296340942
-1.599394, 0.423998
0.42399847507476807,-1.5993939638137817
-0.938055, 0.256192
0.25619176030158997,-0.9380546808242798
-0.999709, 0.281083
0.28108304738998413,-0.9997087121009827
-0.967837, 0.677152
0.6771524548530579,-0.9678372144699097
-1.257260, 0.321655
0.32165542244911194,-1.2572599649429321
-0.603896, 0.033608
0.0336076021194458,-0.6038960218429565
-0.303995, 0.086707
0.08670653402805328,-0.30399465560913086
-0.835547, 1.923066
1.9230663776397705,-0.8355466723442078
-1.662711, 0.372533
0.3725334703922272,-1.6627111434936523
-1.358677, 0.524405
0.5244045853614807,-1.358676791191101
-0.933344, 0.543744
0.5437442064285278,-0.9333441853523254
-1.027425, 0.857702
0.8577024936676025,-1.027424693107605
-1.045826, 0.942873
0.9428727626800537,-1.0458256006240845
-0.536157, 0.089964
0.08996352553367615,-0.5361565947532654
-0.342965, 0.438569
0.4385688900947571,-0.3429650366306305
-0.735377, 0.350329
0.3503286838531494,-0.7353765964508057
-0.199098, 0.519238
0.5192384719848633,-0.199098140001297
-1.247744, 0.090004
0.09000365436077118,-1.2477442026138306
-0.474715, 0.563530
0.563529908657074,-0.4747151732444763
-1.796170, 0.631990
0.6319900751113892,-1.7961699962615967
-0.532953, 0.398217
0.3982171416282654,-0.5329530835151672
-1.658874, 0.289514
0.28951412439346313,-1.6588739156723022
-0.302751, 0.860375
0.8603745698928833,-0.30275073647499084
-0.327685, 0.303681
0.30368131399154663,-0.32768505811691284
-1.214505, 0.294547
0.2945467531681061,-1.214504599571228
-1.039893, 0.292056
0.29205554723739624,-1.0398931503295898
-0.398672, 0.755547
0.7555471658706665,-0.39867183566093445
-0.704292, 0.477754
0.47775423526763916,-0.7042924165725708
-2.252528, 0.577689
0.5776885747909546,-2.2525277137756348
-1.679074, 0.693174
0.6931736469268799,-1.6790735721588135
-1.778887, 0.695334
0.6953343152999878,-1.7788865566253662
-0.814247, -0.068371
-0.06837058067321777,-0.8142465949058533
-1.289349, -0.067817
-0.06781703233718872,-1.28934907913208
-0.317504, 0.524901
0.5249006152153015,-0.31750380992889404
-0.131963, 0.036497
0.036497242748737335,-0.13196270167827606
-0.005902, 0.028749
0.028749102726578712,-0.0059020668268203735
-0.396365, 0.205192
0.20519167184829712,-0.3963654041290283
-0.563323, 0.462599
0.4625987410545349,-0.5633227825164795
-0.984699, 0.204841
0.20484109222888947,-0.9846991896629333
-0.000884, 0.168328
0.16832827031612396,-0.0008838071953505278
-0.042942, 0.973344
0.9733441472053528,-0.04294192045927048
-1.407650, 0.196057
0.19605721533298492,-1.4076497554779053
-0.080442, 0.519803
0.5198028683662415,-0.08044237643480301
-1.998586, 0.453469
0.4534685015678406,-1.99858558177948
-1.079247, 0.172441
0.17244094610214233,-1.0792468786239624
-0.524894, 0.404579
0.4045788049697876,-0.524893581867218
-0.997062, 0.411462
0.41146236658096313,-0.9970622062683105
-1.028992, 0.849355
0.84935462474823,-1.02899169921875
-1.269173, -0.039208
-0.039208173751831055,-1.2691733837127686
-0.319709, 0.937782
0.9377816319465637,-0.3197094202041626
-1.191950, 0.450934
0.4509338140487671,-1.1919504404067993
-1.713444, 0.094891
0.09489084780216217,-1.7134443521499634
-0.922508, 0.594151
0.5941511392593384,-0.9225080609321594
-0.284765, 0.288076
0.28807610273361206,-0.2847649157047272
-0.446635, 0.159346
0.1593458354473114,-0.4466349184513092
-0.023166, 0.140178
0.14017800986766815,-0.02316625602543354
-0.373059, 0.632182
0.6321816444396973,-0.3730589747428894
-0.612386, 0.394817
0.3948168456554413,-0.6123862862586975
-0.575839, 0.325407
0.3254070281982422,-0.5758388042449951
-1.046407, 0.802311
0.8023108839988708,-1.046406865119934
-0.843499, -0.006865
-0.006864989176392555,-0.8434988260269165
-0.460224, 1.093800
1.0938000679016113,-0.4602244198322296
-0.104463, 3.013201
3.0132014751434326,-0.10446267575025558
-0.457981, 0.406835
0.40683501958847046,-0.45798081159591675
-2.250293, 0.722871
0.7228707075119019,-2.2502925395965576
-1.505949, 0.304245
0.3042449951171875,-1.5059491395950317
-1.989353, 0.548905
0.548904538154602,-1.9893527030944824
-0.390064, 0.038339
0.03833934664726257,-0.3900637924671173
-2.089765, 0.302109
0.3021092414855957,-2.0897645950317383
-1.741158, 0.081535
0.08153519034385681,-1.7411584854125977
-1.013066, 0.174768
0.1747676134109497,-1.0130658149719238
-0.330166, 0.002555
0.0025548655539751053,-0.3301664888858795
-0.110148, -0.029146
-0.02914615534245968,-0.11014796048402786
-1.714650, 1.149965
1.1499648094177246,-1.7146497964859009
-1.755604, 0.816335
0.8163353204727173,-1.7556040287017822
-1.355361, 0.709730
0.7097302079200745,-1.355360984802246
-0.941059, 1.117980
1.1179795265197754,-0.9410588145256042
-0.339430, 0.222119
0.2221192866563797,-0.3394295275211334
-1.144170, 0.021078
0.021077709272503853,-1.144169569015503
-0.800852, 1.589969
1.5899690389633179,-0.8008521199226379
-0.494799, 0.090872
0.09087248891592026,-0.4947986304759979
-0.749620, 0.362748
0.3627479076385498,-0.749619722366333
-1.489866, 0.488746
0.4887458086013794,-1.4898661375045776
-0.269985, 0.157332
0.15733195841312408,-0.2699851095676422
-0.488086, -0.065711
-0.06571109592914581,-0.4880860447883606
-0.605849, 0.095670
0.09567049145698547,-0.605849027633667
-1.466049, 0.314752
0.31475159525871277,-1.4660488367080688
-1.157704, 0.497696
0.4976961612701416,-1.157704472541809
-0.046423, -0.053420
-0.053419873118400574,-0.04642347991466522
-0.256644, 0.725089
0.7250887155532837,-0.25664374232292175
-0.331540, 0.144483
0.14448298513889313,-0.3315403163433075
-1.605921, -0.011043
-0.011042622849345207,-1.6059209108352661
-1.048050, 0.099107
0.09910698235034943,-1.0480496883392334
-1.158108, 0.678435
0.6784350872039795,-1.1581084728240967
-0.942636, 0.397185
0.3971846103668213,-0.9426363706588745
-0.735901, -0.093023
-0.09302318096160889,-0.7359008193016052
-0.994607, 0.209235
0.20923537015914917,-0.9946067929267883
-0.426905, 0.145699
0.14569920301437378,-0.4269052743911743
-0.026545, 0.463066
0.46306610107421875,-0.026544678956270218
-0.156946, 0.213521
0.2135208547115326,-0.15694616734981537
-0.260431, 0.323886
0.32388561964035034,-0.26043060421943665
-0.859439, 0.693094
0.6930935382843018,-0.859438955783844
-0.135264, 0.006139
0.00613928958773613,-0.13526415824890137
-0.894135, 0.228107
0.22810670733451843,-0.8941345810890198
-0.244820, 0.450537
0.4505366384983063,-0.24482004344463348
-0.168229, 0.103733
0.10373257100582123,-0.16822895407676697
-0.529064, 0.285492
0.2854917049407959,-0.5290639996528625
-0.221077, 0.496776
0.4967758357524872,-0.22107690572738647
-0.883045, 0.038599
0.038599349558353424,-0.8830454349517822
-0.754811, 0.791008
0.7910082936286926,-0.7548106908798218
-0.750283, 0.296684
0.2966838479042053,-0.7502827048301697
-1.225002, 0.003837
0.003837166354060173,-1.2250021696090698
-1.195094, 0.355892
0.35589197278022766,-1.195094347000122
-0.143746, 0.386694
0.3866944909095764,-0.14374622702598572
-0.560214, 0.156089
0.15608905255794525,-0.560213565826416
-0.299005, 0.274385
0.27438467741012573,-0.29900458455085754
-0.132146, 0.514537
0.5145373940467834,-0.13214610517024994
-1.344555, 0.239367
0.23936668038368225,-1.344555377960205
-0.461905, 0.729409
0.7294087409973145,-0.4619046747684479
-0.441210, 0.514066
0.5140664577484131,-0.4412096440792084
-0.241050, 0.620188
0.6201881766319275,-0.2410503327846527
-1.576473, 0.287264
0.2872641682624817,-1.576472520828247
-0.516729, 0.416873
0.41687291860580444,-0.5167289972305298
-0.126820, 0.361213
0.3612128496170044,-0.12682001292705536
-0.340471, 0.473089
0.47308915853500366,-0.3404713273048401
-0.405519, 0.312008
0.31200820207595825,-0.4055192470550537
-0.351893, 0.315973
0.3159732222557068,-0.3518933057785034
-0.818041, 1.293016
1.2930161952972412,-0.8180410265922546
-0.337672, 0.057058
0.057058073580265045,-0.33767181634902954
-0.392772, 0.384743
0.3847433924674988,-0.3927718997001648
-1.143862, 0.074535
0.07453494518995285,-1.1438618898391724
-0.598156, 0.269420
0.2694196403026581,-0.5981560945510864
-0.092496, 0.273999
0.2739992141723633,-0.09249554574489594
-1.150570, 0.326249
0.32624852657318115,-1.1505699157714844
-0.673714, 0.608058
0.6080580353736877,-0.6737142205238342
-0.273795, 0.574000
0.5739995241165161,-0.27379468083381653
-0.286230, 0.027978
0.027977624908089638,-0.28622955083847046
-0.403414, 0.744837
0.7448368668556213,-0.4034139811992645
-0.910228, 0.495086
0.4950856566429138,-0.9102282524108887
-0.595554, 0.359868
0.359867662191391,-0.5955536961555481
-1.459143, 0.549531
0.5495314598083496,-1.4591431617736816
-0.065361, 0.241115
0.24111482501029968,-0.06536085158586502
-0.249514, 0.125695
0.12569549679756165,-0.24951398372650146
-0.056134, 0.118435
0.11843515932559967,-0.0561339370906353
-1.573935, 0.455845
0.4558447301387787,-1.5739351511001587
-0.348022, 0.125945
0.12594455480575562,-0.34802210330963135
-0.814245, 0.460756
0.460755854845047,-0.8142449855804443
-0.150412, -0.089959
-0.08995933085680008,-0.15041200816631317
-0.739107, 0.698431
0.6984312534332275,-0.7391068339347839
-0.172093, 1.142810
1.1428099870681763,-0.17209310829639435
-0.001428, 0.575840
0.5758398771286011,-0.0014279971364885569
-0.859911, 0.220301
0.2203005850315094,-0.8599111437797546
-0.078179, 0.389173
0.3891732692718506,-0.07817934453487396
-1.473673, 0.392594
0.3925935626029968,-1.4736734628677368
-1.468543, 0.188992
0.1889924257993698,-1.4685434103012085
-0.346615, -0.112698
-0.11269828677177429,-0.3466148376464844
-0.102402, 0.645181
0.6451812386512756,-0.10240180790424347
-0.541741, 0.585310
0.5853102207183838,-0.5417406558990479
-1.062601, 0.182360
0.18236014246940613,-1.0626014471054077
-0.660736, 0.034418
0.03441810607910156,-0.6607363820075989
-0.712300, 0.680031
0.6800305247306824,-0.7122998833656311
-0.397759, 0.158846
0.15884578227996826,-0.3977588713169098
-0.615349, -0.126544
-0.12654441595077515,-0.6153493523597717
-0.781061, 0.928971
0.9289705753326416,-0.781060516834259
-0.833905, 0.549654
0.5496540665626526,-0.8339045643806458
-1.138523, 0.331410
0.33140960335731506,-1.138522744178772
-0.858769, 0.219482
0.21948204934597015,-0.8587689399719238
-0.526982, 0.417577
0.4175773859024048,-0.5269821882247925
-0.621426, 0.525271
0.5252708196640015,-0.6214256286621094
-0.062173, 1.730681
1.7306809425354004,-0.062172871083021164
-1.265241, 0.435333
0.4353329539299011,-1.2652411460876465
-0.559245, 0.193485
0.19348475337028503,-0.5592445731163025
-1.098043, 0.883940
0.8839402198791504,-1.0980433225631714
-0.634617, 0.615785
0.6157850027084351,-0.634617030620575
-0.813666, 0.299209
0.2992088794708252,-0.8136661052703857
-0.018241, 0.271816
0.27181586623191833,-0.018240712583065033
-0.552643, 0.410722
0.41072192788124084,-0.5526427030563354
-0.616282, 0.548071
0.5480709075927734,-0.6162821650505066
-1.258463, 0.404395
0.4043949842453003,-1.25846266746521
-1.306358, 0.644158
0.6441584229469299,-1.3063576221466064
-1.113890, 0.717190
0.7171897888183594,-1.1138898134231567
-0.127731, 0.708954
0.7089544534683228,-0.1277308315038681
-1.213900, 0.289867
0.28986656665802,-1.2138997316360474
-0.179275, 0.360290
0.36028972268104553,-0.17927497625350952
-1.036278, 0.504673
0.5046733617782593,-1.036278486251831
-0.980966, -0.181836
-0.1818363219499588,-0.9809655547142029
-1.272035, 0.820707
0.8207070231437683,-1.272035002708435
-0.903859, 0.158922
0.15892186760902405,-0.9038591384887695
-0.652241, 0.542636
0.542635977268219,-0.6522408723831177
-2.288072, 0.409778
0.4097781777381897,-2.288071632385254
-0.922073, 0.356110
0.3561103343963623,-0.9220733046531677
-1.760023, 0.712348
0.7123481035232544,-1.7600234746932983
-1.784817, 0.151567
0.1515670120716095,-1.7848174571990967
-1.807351, 0.525696
0.525696337223053,-1.8073514699935913
-0.822055, 0.416857
0.41685694456100464,-0.8220551013946533
-0.819045, 0.311834
0.3118344247341156,-0.8190447688102722
-1.128820, 0.196112
0.1961124837398529,-1.1288199424743652
-1.232024, 0.815135
0.8151350617408752,-1.2320235967636108
-0.599437, -0.061100
-0.061100393533706665,-0.5994370579719543
-0.886510, 0.266592
0.26659172773361206,-0.8865102529525757
-0.327969, 0.383070
0.3830703794956207,-0.32796940207481384
-0.232245, 0.391753
0.39175257086753845,-0.23224486410617828
-0.311745, 0.192912
0.19291186332702637,-0.31174543499946594
-0.011634, 0.963717
0.9637166261672974,-0.011634370312094688
-1.500072, -0.262813
-0.2628127634525299,-1.50007164478302
-1.545097, 0.563472
0.5634720325469971,-1.5450966358184814
-0.101666, 0.634409
0.6344086527824402,-0.10166566073894501
-0.649873, 1.463627
1.463626503944397,-0.6498725414276123
-0.557635, -0.065065
-0.0650646835565567,-0.5576345324516296
-1.159131, 0.656129
0.6561288237571716,-1.1591312885284424
-0.549321, 0.145588
0.14558839797973633,-0.5493209362030029
-1.300347, 0.269511
0.26951107382774353,-1.3003473281860352
-1.017368, 0.971799
0.9717993140220642,-1.0173683166503906
-1.272983, 0.616711
0.6167106628417969,-1.2729828357696533
-1.487005, -0.017746
-0.01774572767317295,-1.4870054721832275
-0.254639, 1.543369
1.5433690547943115,-0.25463899970054626
-0.722729, 0.203976
0.2039758861064911,-0.7227290272712708
-0.929235, 0.128049
0.12804928421974182,-0.9292347431182861
-1.655069, -0.094251
-0.0942511036992073,-1.6550687551498413
-1.403929, 0.127273
0.12727297842502594,-1.4039289951324463
-1.973177, 1.351816
1.351816177368164,-1.9731765985488892
-0.072605, 0.341448
0.3414481282234192,-0.0726046934723854
-1.616230, 0.111414
0.11141408234834671,-1.61622953414917
-1.362274, 0.092224
0.09222440421581268,-1.3622742891311646
-1.535327, 1.798432
1.7984321117401123,-1.5353268384933472
-0.092215, 0.691303
0.6913027167320251,-0.09221483767032623
-1.650585, 0.066651
0.06665079295635223,-1.6505845785140991
-0.531185, 0.140206
0.1402062028646469,-0.5311849117279053
-2.264353, 1.087602
1.0876020193099976,-2.264352798461914
-0.550167, 0.309969
0.3099694550037384,-0.550166666507721
-1.203272, 0.413164
0.4131636619567871,-1.203271746635437
-1.875930, 0.183095
0.18309514224529266,-1.8759299516677856
-0.654002, 0.463449
0.463448703289032,-0.65400230884552
-1.485129, 0.240719
0.24071891605854034,-1.4851293563842773
-1.391658, 0.085033
0.08503253757953644,-1.3916584253311157
-0.837650, 0.825726
0.8257257342338562,-0.8376498222351074
-1.456714, -0.259966
-0.2599656283855438,-1.4567139148712158
-0.676627, 0.399587
0.39958706498146057,-0.6766273975372314
-1.224676, 0.313194
0.31319373846054077,-1.2246756553649902
-1.051577, 0.274422
0.27442190051078796,-1.0515766143798828
-0.176264, 0.700234
0.700233519077301,-0.17626424133777618
-1.375847, 0.263490
0.26348966360092163,-1.3758469820022583
-1.740218, 0.078572
0.07857242971658707,-1.740217685699463
-1.313580, 0.309914
0.3099135458469391,-1.31358003616333
-0.379666, 0.367302
0.3673021197319031,-0.3796657919883728
-1.515867, 0.670752
0.6707524061203003,-1.5158666372299194
-1.178754, 0.090399
0.09039870649576187,-1.1787543296813965
-0.479802, 0.071568
0.07156836986541748,-0.4798019230365753
-0.639548, 0.153164
0.15316438674926758,-0.6395484209060669
-0.865071, -0.003713
-0.003712547942996025,-0.8650709390640259
-0.125106, 0.049416
0.04941606521606445,-0.12510575354099274
-2.066298, 0.255682
0.2556821405887604,-2.066298484802246
-0.836646, -0.134272
-0.13427239656448364,-0.8366464376449585
-0.973126, 0.775150
0.7751495838165283,-0.9731259346008301
-1.795572, 0.895894
0.8958936929702759,-1.79557204246521
-2.161246, 0.431577
0.431576669216156,-2.1612462997436523
-1.938877, 0.179447
0.17944714426994324,-1.9388772249221802
-1.641987, 0.064181
0.06418117135763168,-1.6419873237609863
-1.388723, 0.243767
0.2437671720981598,-1.3887228965759277
-1.327111, 0.141274
0.1412743777036667,-1.3271112442016602
-0.689637, 0.039976
0.0399760901927948,-0.6896373629570007
-1.528442, -0.123029
-0.12302905321121216,-1.5284420251846313
-8.448023, 1.470633
1.470632791519165,-8.448022842407227
-1.204905, 0.245365
0.24536477029323578,-1.2049047946929932
-1.305082, 0.068929
0.06892919540405273,-1.3050824403762817
-0.192918, 0.356920
0.3569197356700897,-0.1929178535938263
-2.004152, 0.696405
0.6964046955108643,-2.0041515827178955
-1.658881, 0.207013
0.20701272785663605,-1.658881425857544
-0.412285, 0.012287
0.012287026271224022,-0.41228532791137695
-0.676311, -0.016928
-0.016927646473050117,-0.6763107776641846
-0.657708, 0.641557
0.6415568590164185,-0.6577082872390747
-0.677137, 0.112255
0.112254798412323,-0.6771370768547058
-1.237094, -0.088182
-0.08818161487579346,-1.2370942831039429
-0.397590, 0.224242
0.22424180805683136,-0.39758971333503723
-1.028952, 0.064737
0.06473711878061295,-1.0289515256881714
-0.492025, 0.514783
0.5147834420204163,-0.4920254051685333
-1.928266, 1.082626
1.0826256275177002,-1.9282658100128174
-0.133699, 0.296373
0.2963729202747345,-0.13369856774806976
-1.910367, 1.732399
1.7323994636535645,-1.9103668928146362
-1.225855, 0.292162
0.29216238856315613,-1.225854754447937
-1.611247, 0.017081
0.01708114705979824,-1.6112474203109741
-1.691050, 1.102839
1.1028391122817993,-1.6910498142242432
-0.119514, 0.462788
0.462787926197052,-0.11951370537281036
-0.625034, 0.776988
0.7769883275032043,-0.6250337958335876
-1.334563, 0.029093
0.02909342758357525,-1.3345634937286377
-1.210813, 0.077655
0.07765501737594604,-1.2108125686645508
-1.368468, -0.070610
-0.07061008363962173,-1.368468165397644
-0.260260, 0.651144
0.65114426612854,-0.2602596879005432
-1.564684, -0.041264
-0.04126446694135666,-1.564684271812439
-0.599419, 0.457755
0.45775526762008667,-0.5994189977645874
-1.546281, 0.516223
0.5162225961685181,-1.546281337738037
-1.109966, 0.829217
0.8292168378829956,-1.1099655628204346
-0.815910, 0.256813
0.2568131387233734,-0.8159104585647583
-1.801592, 0.326967
0.3269670307636261,-1.8015916347503662
-0.882014, 0.787071
0.7870709300041199,-0.882014274597168
-0.420485, -0.018490
-0.018489567562937737,-0.4204845130443573
-1.564050, 0.629937
0.629936933517456,-1.5640499591827393
-1.684090, 1.005427
1.0054270029067993,-1.684090495109558
-1.433584, 0.544206
0.5442062616348267,-1.433584451675415
-2.771735, 1.305976
1.305976390838623,-2.7717349529266357
-2.577727, 3.311020
3.3110201358795166,-2.5777268409729004
-0.045833, 0.199033
0.19903331995010376,-0.04583252593874931
-1.606823, 0.519620
0.5196195840835571,-1.606823205947876
-1.053776, 0.506683
0.5066825151443481,-1.0537763833999634
-1.685473, 0.342013
0.342012882232666,-1.6854729652404785
-0.900142, 0.043486
0.04348587244749069,-0.9001419544219971
-1.528204, 0.030445
0.030444884672760963,-1.5282044410705566
-0.833389, 0.153859
0.15385940670967102,-0.8333888649940491
-1.130842, 0.035543
0.03554332256317139,-1.1308424472808838
-0.822522, 1.371855
1.3718550205230713,-0.8225218057632446
-0.272539, 0.088545
0.08854502439498901,-0.2725386321544647
-0.312381, 0.324542
0.32454219460487366,-0.31238076090812683
-2.167518, 1.296998
1.296998143196106,-2.16751766204834
-1.660326, -0.065748
-0.06574796885251999,-1.660325527191162
-1.334584, 0.206192
0.20619195699691772,-1.3345836400985718
-1.604817, 0.502557
0.5025573968887329,-1.6048171520233154
-1.433889, -0.034345
-0.03434450924396515,-1.4338889122009277
-2.090504, 0.231207
0.2312067300081253,-2.0905041694641113
-0.555607, 0.259716
0.2597156763076782,-0.555607259273529
-1.104987, 1.010373
1.0103734731674194,-1.1049866676330566
-0.491210, -0.022629
-0.022629177197813988,-0.4912101924419403
-0.350017, 0.215676
0.21567599475383759,-0.3500172197818756
-0.924320, 0.077849
0.07784885913133621,-0.9243200421333313
-0.748209, 0.248337
0.24833694100379944,-0.7482089996337891
-1.765858, 0.393763
0.3937627077102661,-1.7658582925796509
-1.482149, 0.496474
0.4964744448661804,-1.4821487665176392
-1.119434, 0.305173
0.30517345666885376,-1.119433879852295
-1.728937, 0.197361
0.19736115634441376,-1.7289373874664307
-1.223302, 0.196647
0.19664664566516876,-1.223301649093628
-1.546537, 0.168250
0.16825026273727417,-1.546537160873413
-0.283705, 0.667794
0.6677941083908081,-0.28370487689971924
-0.223556, 0.099884
0.09988430142402649,-0.22355566918849945
-0.367228, -0.029379
-0.02937941811978817,-0.3672281503677368
-0.514359, 0.934753
0.9347532391548157,-0.5143588185310364
-1.023322, 0.056109
0.05610916018486023,-1.023322343826294
-1.873450, 0.742842
0.7428416013717651,-1.8734503984451294
-0.058971, 1.684572
1.6845715045928955,-0.0589710995554924
-0.628667, 0.326334
0.3263337016105652,-0.6286666989326477
-0.055791, -0.070562
-0.07056160271167755,-0.05579141154885292
-0.054679, 0.080901
0.08090068399906158,-0.054679274559020996
-0.591159, 0.219019
0.21901936829090118,-0.5911588072776794
-1.290263, 0.203473
0.20347300171852112,-1.2902629375457764
-3.291372, 1.381830
1.3818295001983643,-3.291372299194336
-0.296952, 0.582798
0.5827977061271667,-0.2969522476196289
-1.500105, 0.423427
0.42342692613601685,-1.5001046657562256
-0.656758, 0.443584
0.44358426332473755,-0.6567580103874207
-0.359816, 0.046013
0.046013206243515015,-0.3598160445690155
-1.438722, 0.946955
0.946954607963562,-1.4387222528457642
-0.386697, 0.187910
0.18791024386882782,-0.3866974413394928
-1.028748, 0.203225
0.2032248079776764,-1.0287483930587769
-1.551093, 0.450724
0.45072388648986816,-1.551093339920044
-0.534192, 0.589787
0.5897872447967529,-0.5341916084289551
-0.794849, 0.144376
0.14437589049339294,-0.7948485016822815
-0.311592, 0.321964
0.3219635784626007,-0.3115919828414917
-0.716432, 0.206239
0.20623910427093506,-0.7164316177368164
-0.963438, 0.387414
0.3874136507511139,-0.9634383916854858
-0.600905, 0.311218
0.31121826171875,-0.6009050607681274
-0.192261, 0.089152
0.08915205299854279,-0.19226105511188507
-1.064712, 0.718589
0.7185885906219482,-1.064712405204773
-0.953406, 0.190580
0.19057993590831757,-0.9534057378768921
-0.357011, 0.406493
0.4064929485321045,-0.3570112884044647
-0.216704, 0.305668
0.3056684732437134,-0.21670371294021606
-1.585309, -0.017513
-0.01751282624900341,-1.585309386253357
-1.448985, 0.870198
0.8701975345611572,-1.44898521900177
-1.211758, 0.200737
0.2007370889186859,-1.2117576599121094
-1.511949, 0.699983
0.6999825239181519,-1.5119489431381226
-2.160543, 0.422205
0.42220538854599,-2.1605427265167236
-3.297081, 1.454825
1.4548251628875732,-3.2970807552337646
-2.235498, 0.506361
0.5063610076904297,-2.2354977130889893
-1.721345, 0.667890
0.6678897142410278,-1.7213451862335205
-1.716206, 0.134820
0.1348196566104889,-1.7162055969238281
-1.635154, 0.975321
0.9753214120864868,-1.6351537704467773
-1.774188, 1.261477
1.2614771127700806,-1.7741883993148804
-0.873774, 1.243827
1.2438271045684814,-0.8737744688987732
-0.811036, 0.291896
0.29189610481262207,-0.8110362887382507
-0.598769, 0.210937
0.21093711256980896,-0.5987685918807983
-0.344325, 0.651136
0.6511359214782715,-0.34432512521743774
-1.419639, 0.596127
0.596127450466156,-1.419638991355896
-0.707850, -0.073516
-0.0735163763165474,-0.7078503966331482
-0.292729, 0.039810
0.03981020301580429,-0.29272857308387756
-0.125036, 0.126333
0.12633346021175385,-0.12503591179847717
-0.111905, 0.457770
0.457769513130188,-0.11190501600503922
-0.096741, 0.619002
0.6190019845962524,-0.09674130380153656
-0.238787, 0.280844
0.28084439039230347,-0.23878741264343262
-0.330270, 0.143896
0.14389632642269135,-0.3302699327468872
-0.075131, 0.101485
0.10148525983095169,-0.07513102889060974
-1.098641, -0.181138
-0.18113842606544495,-1.098641276359558
-0.288059, 0.236642
0.23664210736751556,-0.2880585491657257
-0.255805, 0.215521
0.2155211865901947,-0.25580480694770813
-0.251448, 0.206507
0.20650681853294373,-0.2514483630657196
-0.276440, 0.379546
0.37954577803611755,-0.2764397859573364
-0.546007, 0.265454
0.2654540538787842,-0.5460073947906494
-0.411457, 0.375071
0.3750714063644409,-0.4114573895931244
-0.680731, 0.154343
0.15434324741363525,-0.6807313561439514
-1.178308, 0.061375
0.06137540936470032,-1.1783076524734497
-0.416460, 0.334384
0.33438360691070557,-0.41646048426628113
-0.538972, 0.207719
0.20771919190883636,-0.538972020149231
-1.292797, 0.432836
0.4328358769416809,-1.2927968502044678
-0.500559, 0.654494
0.6544942855834961,-0.5005590319633484
-0.544808, 0.364789
0.36478930711746216,-0.5448080897331238
-0.699487, 0.352745
0.3527452051639557,-0.6994871497154236
-0.471516, 0.006346
0.00634579174220562,-0.4715155363082886
-1.384026, -0.032662
-0.03266231715679169,-1.384026050567627
-0.456657, 0.301448
0.30144813656806946,-0.4566570222377777
-0.646777, 0.239339
0.23933880031108856,-0.646777331829071
-1.125487, 0.175409
0.1754087209701538,-1.1254870891571045
-0.946835, 0.123351
0.12335088849067688,-0.9468351006507874
-0.099919, 0.242197
0.2421969771385193,-0.09991921484470367
-0.820346, 0.849332
0.8493318557739258,-0.8203458786010742
-0.843543, 0.526618
0.526617705821991,-0.8435426950454712
-0.786683, 0.484952
0.4849523901939392,-0.7866830229759216
-0.036294, 0.284007
0.2840072512626648,-0.036293935030698776
-0.107034, 1.421058
1.421058177947998,-0.10703367739915848
-0.065847, 0.188146
0.18814635276794434,-0.06584655493497849
-0.454013, 0.104786
0.10478557646274567,-0.45401254296302795
-0.278213, 0.177382
0.17738232016563416,-0.27821335196495056
-1.299204, 0.192406
0.19240626692771912,-1.2992042303085327
-0.019711, 0.213096
0.21309606730937958,-0.019710684195160866
-0.464630, 0.591094
0.5910936594009399,-0.4646296501159668
-0.341964, 0.854624
0.8546244502067566,-0.341964453458786
-0.859425, 0.200621
0.2006208896636963,-0.8594251275062561
-0.264499, 0.297579
0.29757943749427795,-0.264499306678772
-0.939633, 0.172206
0.17220598459243774,-0.9396334886550903
-0.140872, 0.475586
0.4755858778953552,-0.14087218046188354
-0.622854, 0.152314
0.1523135006427765,-0.6228535175323486
-0.079650, 0.306362
0.3063621520996094,-0.07965029031038284
-0.554635, 0.357986
0.35798564553260803,-0.5546354055404663
-0.652604, 0.478942
0.47894203662872314,-0.6526035070419312
-1.475715, 1.028510
1.0285100936889648,-1.4757145643234253
-0.465305, 0.107199
0.10719877481460571,-0.46530547738075256
-0.958799, 0.180795
0.18079471588134766,-0.9587992429733276
-0.606640, 1.336353
1.336352825164795,-0.6066396236419678
-0.290204, 0.286509
0.2865093946456909,-0.29020386934280396
-0.900927, 0.677932
0.677931547164917,-0.9009273648262024
-1.555801, 0.422433
0.4224329888820648,-1.5558013916015625
-0.395335, 0.817405
0.8174046277999878,-0.3953351676464081
-1.768726, -0.108907
-0.10890744626522064,-1.7687255144119263
-0.048807, 0.753543
0.753542959690094,-0.04880748316645622
-1.296799, 0.298319
0.29831865429878235,-1.2967987060546875
-1.537925, 0.312289
0.3122892379760742,-1.5379250049591064
-0.473305, 0.106511
0.10651116818189621,-0.47330474853515625
-1.359767, 0.158054
0.15805399417877197,-1.3597667217254639
-1.471838, 0.758896
0.758895754814148,-1.4718382358551025
-0.720003, 0.497285
0.4972851276397705,-0.7200034260749817
-0.178378, 0.364845
0.3648448586463928,-0.17837755382061005
-1.249940, 0.287762
0.2877616584300995,-1.2499397993087769
-0.150703, 0.375919
0.375918984413147,-0.150702565908432
-1.211211, 0.262506
0.26250603795051575,-1.21121084690094
-1.562994, 1.196628
1.1966280937194824,-1.5629938840866089
-0.274419, 2.521042
2.5210423469543457,-0.2744187116622925
-1.560019, 1.514559
1.5145585536956787,-1.56001877784729
-1.032164, 0.619520
0.6195197105407715,-1.0321639776229858
-1.392215, 0.425431
0.4254307746887207,-1.3922148942947388
-0.472104, 0.118857
0.11885687708854675,-0.4721037745475769
-0.647912, 0.283779
0.2837788462638855,-0.6479124426841736
-0.843406, 0.859973
0.8599731922149658,-0.843405544757843
-0.470027, 0.264094
0.26409444212913513,-0.47002720832824707
-0.376543, 0.687000
0.6869999170303345,-0.37654316425323486
-0.609204, 2.044984
2.0449843406677246,-0.6092044711112976
-0.233163, 1.561014
1.5610136985778809,-0.23316319286823273
-0.520069, 0.764658
0.7646576166152954,-0.5200690031051636
-0.937021, 0.544759
0.5447590351104736,-0.9370209574699402
-0.472796, 1.014357
1.0143568515777588,-0.47279587388038635
-0.067068, 0.316302
0.31630247831344604,-0.06706809997558594
-1.341291, 0.615039
0.6150394678115845,-1.341290831565857
-0.154859, 0.162650
0.16265027225017548,-0.1548587679862976
-1.459607, 0.307491
0.3074910640716553,-1.4596065282821655
-0.293569, 0.305518
0.3055177628993988,-0.2935692071914673
-0.255180, 0.307491
0.3074913024902344,-0.25518038868904114
-0.209054, 0.502167
0.5021673440933228,-0.2090536504983902
-0.941875, 1.722503
1.7225033044815063,-0.9418747425079346
-1.009867, 0.639033
0.6390326619148254,-1.0098669528961182
-1.110646, -0.063490
-0.06348958611488342,-1.1106462478637695
-0.798651, 0.072146
0.07214559614658356,-0.7986512184143066
-1.225440, 0.051444
0.051444150507450104,-1.2254395484924316
-0.601467, 0.153860
0.15385980904102325,-0.6014670729637146
-0.992136, 2.774995
2.7749948501586914,-0.9921355843544006
-0.533288, 0.125030
0.12503018975257874,-0.5332884192466736
-1.456149, 1.807227
1.8072267770767212,-1.456148624420166
-1.005883, 0.461041
0.46104076504707336,-1.005882740020752
-1.690729, 0.381784
0.3817840814590454,-1.6907294988632202
-0.523860, 0.259283
0.259283185005188,-0.5238598585128784
-0.788239, 0.176677
0.17667697370052338,-0.7882392406463623
-1.072155, 0.183376
0.183375746011734,-1.0721547603607178
-0.984462, 0.637246
0.6372455358505249,-0.9844617247581482
-0.447586, 0.575555
0.5755547881126404,-0.4475863575935364
-0.187646, 0.345673
0.3456727862358093,-0.18764615058898926
-1.695207, 1.134560
1.1345603466033936,-1.6952074766159058
-0.203204, 0.608568
0.6085684299468994,-0.20320402085781097
-0.567712, 0.395498
0.3954980969429016,-0.5677118301391602
-0.168673, 0.466732
0.4667324721813202,-0.16867288947105408
-0.970231, 0.348008
0.348008394241333,-0.9702314138412476
-0.599584, 1.554747
1.5547473430633545,-0.5995836853981018
-0.246108, 1.152151
1.1521508693695068,-0.24610799551010132
-1.156026, 0.084664
0.08466435223817825,-1.1560261249542236
-0.795095, 0.410613
0.4106130599975586,-0.7950949668884277
-0.090865, 0.858792
0.8587923049926758,-0.09086508303880692
-0.002533, 0.540124
0.5401235818862915,-0.002533408347517252
-1.045921, 0.209695
0.20969535410404205,-1.0459214448928833
-0.015977, 0.698448
0.698447585105896,-0.015976540744304657
-1.084729, 0.498117
0.4981166124343872,-1.0847289562225342
-0.276243, 2.191501
2.191500663757324,-0.2762432098388672
-1.441590, 0.932821
0.9328211545944214,-1.4415897130966187
-1.488177, -0.304536
-0.3045356869697571,-1.488176703453064
-0.604418, 0.437690
0.4376903772354126,-0.6044179201126099
-0.767775, -0.050138
-0.05013813078403473,-0.7677748203277588
-2.128917, 0.326312
0.32631248235702515,-2.1289169788360596
-2.001318, 0.341105
0.3411048948764801,-2.0013179779052734
-2.486425, 0.531183
0.5311834812164307,-2.4864249229431152
-0.064681, 0.701652
0.7016515731811523,-0.06468059867620468
-0.528531, 0.333160
0.3331597149372101,-0.5285312533378601
-0.049253, 0.639687
0.6396868228912354,-0.049253422766923904
-1.075248, 0.182586
0.18258562684059143,-1.075247883796692
-1.449664, 0.496799
0.496799111366272,-1.4496641159057617
-0.731189, 1.723450
1.7234498262405396,-0.731189489364624
-1.082493, 1.834361
1.8343610763549805,-1.0824930667877197
-0.774706, 0.273672
0.2736721634864807,-0.7747061252593994
-0.664958, 0.139799
0.13979898393154144,-0.6649584770202637
-0.166189, 0.150590
0.15059028565883636,-0.16618867218494415
-0.612235, 0.469825
0.4698246121406555,-0.6122353672981262
-0.627325, 1.215977
1.2159769535064697,-0.6273254156112671
-1.607392, 0.367472
0.36747151613235474,-1.6073921918869019
-0.992305, 0.426439
0.4264390170574188,-0.9923045039176941
-0.545825, 0.677838
0.6778377294540405,-0.5458254218101501
-0.716960, 0.003771
0.003771275281906128,-0.716959536075592
-0.523541, 0.164746
0.1647455394268036,-0.5235409140586853
-0.090451, 0.345808
0.34580767154693604,-0.09045063704252243
-0.073260, 6.344298
6.344298362731934,-0.07325973361730576
-1.577811, 0.555285
0.555284857749939,-1.5778108835220337
-1.726661, 0.339579
0.3395792841911316,-1.7266607284545898
-0.552531, 0.483482
0.4834822118282318,-0.5525308847427368
-1.263090, 0.041323
0.04132279008626938,-1.2630900144577026
-0.438843, 0.490921
0.4909207224845886,-0.43884289264678955
-0.280905, 0.099789
0.09978877007961273,-0.28090450167655945
-0.530130, 0.064376
0.06437578052282333,-0.5301297903060913
-0.425765, 0.157907
0.15790671110153198,-0.4257647395133972
-0.065603, 0.280495
0.2804951071739197,-0.06560271233320236
-0.606232, 0.913498
0.9134982824325562,-0.6062321066856384
-0.241879, 0.496361
0.4963614344596863,-0.2418794184923172
-0.373110, 0.766205
0.7662047147750854,-0.3731096088886261
-0.799084, 0.734414
0.734413743019104,-0.7990840077400208
-0.239705, -0.113682
-0.11368197202682495,-0.23970459401607513
-0.084030, -0.034085
-0.034085169434547424,-0.08402986824512482
-1.490163, 1.592393
1.5923926830291748,-1.4901628494262695
-1.103683, 0.132041
0.13204073905944824,-1.1036827564239502
-0.017167, 0.429122
0.42912161350250244,-0.017167434096336365
-1.667340, 0.283187
0.28318747878074646,-1.66733980178833
-0.365506, 0.474918
0.47491759061813354,-0.36550578474998474
-1.330379, 0.633498
0.6334980726242065,-1.3303792476654053
-0.272634, 0.420776
0.42077571153640747,-0.27263370156288147
-1.453317, 0.129095
0.1290946751832962,-1.4533168077468872
-0.012832, 0.677470
0.6774704456329346,-0.012832417152822018
-1.211402, 0.227093
0.2270926535129547,-1.2114019393920898
-0.724607, 0.847416
0.8474162817001343,-0.7246066331863403
-1.525039, 0.426126
0.4261263608932495,-1.5250389575958252
-0.869772, -0.006842
-0.006842145696282387,-0.8697717785835266
-0.642751, -0.018679
-0.018679456785321236,-0.6427505612373352
-1.168401, 0.174956
0.1749556064605713,-1.1684010028839111
-0.821827, 0.251788
0.25178760290145874,-0.8218273520469666
-0.462982, 0.032561
0.032560527324676514,-0.4629822075366974
-1.127754, 0.214529
0.21452917158603668,-1.1277542114257812
-0.435356, 0.195809
0.1958089917898178,-0.43535616993904114
-0.629015, 0.364319
0.36431944370269775,-0.6290154457092285
-0.167017, 0.582763
0.5827633142471313,-0.1670166403055191
-1.342829, 0.016881
0.016881318762898445,-1.3428287506103516
-1.549112, 0.019388
0.019388115033507347,-1.549112319946289
-1.623489, 1.029006
1.029006004333496,-1.6234890222549438
-0.129226, 0.749482
0.7494823932647705,-0.12922556698322296
-0.203490, 0.530246
0.5302456021308899,-0.20349030196666718
-1.084926, 0.178307
0.17830732464790344,-1.0849261283874512
-0.711330, 0.531525
0.5315248966217041,-0.7113304734230042
-0.622096, 0.485702
0.48570185899734497,-0.6220964789390564
-1.063104, 0.715766
0.7157658338546753,-1.0631043910980225
-0.498320, 0.701629
0.7016287446022034,-0.4983201026916504
-0.556227, 1.703944
1.703944206237793,-0.5562268495559692
-1.770166, 0.236243
0.23624266684055328,-1.7701655626296997
-0.496884, 0.272401
0.27240094542503357,-0.49688395857810974
-1.408305, 2.181534
2.1815340518951416,-1.4083045721054077
-1.744329, 1.248826
1.2488255500793457,-1.7443293333053589
-0.786690, 0.281767
0.2817673683166504,-0.7866902947425842
-0.038032, 0.385417
0.3854171931743622,-0.038031693547964096
-0.217882, 1.007676
1.007676124572754,-0.21788212656974792
-0.190928, 0.387601
0.38760098814964294,-0.1909276247024536
-0.260501, 0.508725
0.5087254047393799,-0.2605009973049164
-1.027874, 1.050313
1.0503134727478027,-1.0278741121292114
-0.165536, 0.643265
0.643264651298523,-0.16553562879562378
-0.859175, 1.525450
1.5254497528076172,-0.8591753840446472
-0.122968, 0.129802
0.12980201840400696,-0.12296845763921738
-1.613713, 0.167678
0.1676778793334961,-1.6137127876281738
-1.587751, 1.855298
1.855297565460205,-1.587751030921936
-0.977684, 0.583443
0.5834433436393738,-0.9776836633682251
-1.041044, -0.003903
-0.0039027538150548935,-1.041043996810913
-1.315960, 0.369505
0.36950477957725525,-1.3159595727920532
-0.750780, 1.288337
1.2883367538452148,-0.750780463218689
-2.203605, 0.738420
0.7384200096130371,-2.2036051750183105
-0.867865, 0.071186
0.0711861252784729,-0.8678649663925171
-0.184640, 0.178098
0.17809849977493286,-0.18463961780071259
-0.732707, 0.283639
0.2836393713951111,-0.7327067255973816
-1.214858, 0.141945
0.1419445425271988,-1.2148576974868774
-0.628364, 0.562051
0.5620513558387756,-0.6283642649650574
-0.235271, 0.331800
0.33180010318756104,-0.23527075350284576
-0.873450, 0.372414
0.3724144697189331,-0.8734498620033264
-0.394960, 0.570727
0.5707266330718994,-0.39495959877967834
-0.419064, 0.278283
0.2782828211784363,-0.41906437277793884
-0.082425, -0.079458
-0.07945778220891953,-0.08242478966712952
-2.734259, 0.537758
0.5377582907676697,-2.7342586517333984
-0.158875, 0.045937
0.04593654349446297,-0.15887488424777985
-0.650005, 0.397384
0.397384375333786,-0.6500046849250793
-1.479053, 0.090310
0.09031038731336594,-1.4790531396865845
-0.187338, 0.446510
0.4465101957321167,-0.18733802437782288
-0.011649, 0.506256
0.5062559247016907,-0.011648790910840034
-0.792120, 0.451224
0.45122358202934265,-0.7921196818351746
-1.784609, 0.228368
0.22836752235889435,-1.7846088409423828
-0.737665, 0.741907
0.7419068217277527,-0.7376646399497986
-0.564408, 0.213785
0.21378479897975922,-0.564408004283905
-0.267249, 0.543916
0.5439155101776123,-0.2672485113143921
-2.012396, 0.119265
0.11926507204771042,-2.0123960971832275
-1.413267, 0.843876
0.8438760042190552,-1.4132671356201172
-0.785459, 0.134892
0.1348918080329895,-0.7854593992233276
-1.867789, 0.877591
0.8775913119316101,-1.8677887916564941
-0.774732, 0.759795
0.7597953081130981,-0.7747316956520081
-0.545780, 0.876515
0.8765148520469666,-0.545779824256897
-1.107555, 0.362275
0.3622753620147705,-1.1075550317764282
-0.782590, 0.798840
0.7988404035568237,-0.7825897932052612
-0.566704, 0.383552
0.38355183601379395,-0.5667037963867188
-0.537423, 0.734337
0.7343369722366333,-0.5374231338500977
-1.489337, 0.643453
0.6434534192085266,-1.4893367290496826
-0.388120, 0.330455
0.33045488595962524,-0.38812005519866943
-0.033427, 0.368593
0.3685925602912903,-0.03342744708061218
-1.489478, 1.059681
1.0596814155578613,-1.489478349685669
-0.611209, 0.063679
0.06367902457714081,-0.6112090349197388
-1.849658, 1.276521
1.2765213251113892,-1.8496575355529785
-0.843276, 0.413039
0.4130389094352722,-0.84327632188797
-1.900884, 0.093458
0.09345834702253342,-1.9008842706680298
-0.623794, 0.385375
0.38537514209747314,-0.6237937808036804
-1.156371, 2.585905
2.585905075073242,-1.1563711166381836
-1.616078, 1.011976
1.0119757652282715,-1.6160776615142822
-0.903203, 0.621814
0.6218137741088867,-0.9032025337219238
-1.207498, 0.964739
0.964739203453064,-1.2074978351593018
-1.312493, 0.725514
0.72551429271698,-1.3124932050704956
-1.754624, -0.020353
-0.020352909341454506,-1.7546242475509644
-1.450228, 0.266359
0.26635926961898804,-1.4502277374267578
-2.074079, 0.994209
0.994209349155426,-2.0740790367126465
-0.258419, 0.921853
0.921852707862854,-0.2584185004234314
-1.143771, 0.581161
0.5811606049537659,-1.1437712907791138
-1.577304, 0.254851
0.25485068559646606,-1.5773035287857056
-1.805892, 0.340233
0.3402325510978699,-1.805891752243042
-2.166709, 0.606117
0.606116533279419,-2.1667094230651855
-1.265728, 0.572886
0.5728859901428223,-1.26572847366333
-0.831566, 0.921827
0.9218268394470215,-0.8315655589103699
-0.096343, 0.956338
0.9563379287719727,-0.09634339809417725
-1.685007, 1.145205
1.1452052593231201,-1.685007095336914
-1.179479, 0.145301
0.14530088007450104,-1.1794790029525757
-0.916813, -0.098288
-0.09828788042068481,-0.9168128371238708
-0.845947, 0.385763
0.38576340675354004,-0.8459472060203552
-1.547339, 0.120878
0.12087777256965637,-1.5473394393920898
-0.222374, 0.083481
0.08348093926906586,-0.22237429022789001
-0.286394, 0.476947
0.47694703936576843,-0.286394327878952
-1.769044, 0.089602
0.08960175514221191,-1.7690439224243164
-1.922652, 0.218108
0.2181081920862198,-1.9226524829864502
-0.434357, 0.163937
0.1639370322227478,-0.43435704708099365
-1.516205, 0.347819
0.3478190302848816,-1.5162054300308228
-0.089521, 0.576318
0.576317548751831,-0.08952098339796066
-1.613719, 0.121535
0.12153466790914536,-1.6137189865112305
-0.250319, 0.432900
0.4329001307487488,-0.2503185272216797
-0.702872, 0.438895
0.43889549374580383,-0.7028720378875732
-0.038782, 0.488454
0.48845401406288147,-0.03878185153007507
-1.045240, 1.062176
1.06217622756958,-1.0452402830123901
-1.805158, 0.314644
0.31464388966560364,-1.8051581382751465
-1.048760, 0.469925
0.46992459893226624,-1.0487596988677979
-1.121843, 0.567973
0.5679730176925659,-1.1218430995941162
-0.740935, 0.233650
0.2336495965719223,-0.7409349679946899
-1.181011, 1.057089
1.0570892095565796,-1.1810110807418823
-0.989157, 0.559274
0.5592740774154663,-0.9891574382781982
-1.161810, 0.916200
0.9161996841430664,-1.1618095636367798
-0.889899, 0.321465
0.32146549224853516,-0.8898993730545044
-0.474033, 0.361588
0.36158835887908936,-0.4740331470966339
-0.058293, 0.504904
0.5049038529396057,-0.05829276144504547
-0.467331, 0.065366
0.06536595523357391,-0.467331200838089
-1.539004, 0.691456
0.6914557814598083,-1.5390043258666992
-1.325137, 0.406253
0.40625280141830444,-1.3251374959945679
-0.988641, 0.272225
0.27222493290901184,-0.9886407852172852
-0.757019, 1.496548
1.4965479373931885,-0.7570188045501709
-1.908956, 0.974559
0.974559485912323,-1.9089564085006714
-0.890906, 0.440526
0.44052645564079285,-0.8909060955047607
-0.868541, 0.284253
0.2842533588409424,-0.8685414791107178
-0.729080, 0.220319
0.22031937539577484,-0.7290798425674438
-1.874738, 0.379168
0.3791682720184326,-1.8747377395629883
-2.299134, 0.621711
0.621711015701294,-2.299133777618408
-0.888324, 0.548839
0.5488387942314148,-0.8883243799209595
-0.268277, 0.453878
0.45387786626815796,-0.26827651262283325
-1.732382, 0.817790
0.8177904486656189,-1.7323815822601318
-0.200790, 0.183499
0.18349890410900116,-0.20079021155834198
-1.741957, 0.094891
0.09489084780216217,-1.7419565916061401
-1.165167, 0.699642
0.6996415257453918,-1.165167212486267
-1.369033, 0.918375
0.9183754920959473,-1.3690332174301147
-0.545616, 0.174610
0.1746101826429367,-0.5456162095069885
-0.311439, 0.542034
0.5420335531234741,-0.31143856048583984
-0.246212, 0.002555
0.0025548655539751053,-0.24621163308620453
-1.577899, 0.094195
0.09419470280408859,-1.57789945602417
-0.225604, 0.228965
0.22896482050418854,-0.22560444474220276
-1.462663, 0.709730
0.7097302079200745,-1.4626632928848267
-0.860461, 0.986678
0.9866783618927002,-0.8604613542556763
-0.059411, 0.511616
0.5116164088249207,-0.0594107061624527
-0.305826, 0.272811
0.27281084656715393,-0.30582576990127563
-0.321741, 0.631466
0.6314656734466553,-0.32174134254455566
-0.716997, 0.200988
0.2009880244731903,-0.7169973254203796
-0.914676, 0.403184
0.4031839072704315,-0.9146762490272522
-1.260354, 0.028287
0.028286997228860855,-1.260353684425354
-0.876556, 0.362748
0.3627479076385498,-0.8765557408332825
-0.929298, 0.160262
0.16026176512241364,-0.9292984008789062
-1.185575, -0.019580
-0.01958007924258709,-1.185575008392334
-1.978963, 0.032220
0.03222000598907471,-1.9789633750915527
-2.110160, 1.620078
1.6200777292251587,-2.1101596355438232
-0.610331, 1.191632
1.191631555557251,-0.6103312373161316
-1.467756, 0.497696
0.4976961612701416,-1.4677561521530151
-1.581988, -0.011043
-0.011042622849345207,-1.5819884538650513
-1.596367, 0.092760
0.09275981783866882,-1.59636652469635
-0.953884, 0.695045
0.6950446367263794,-0.9538843035697937
-1.394666, 0.431335
0.43133485317230225,-1.3946655988693237
-0.800604, 0.676184
0.6761837005615234,-0.8006041646003723
-0.321934, 1.405370
1.4053702354431152,-0.3219336271286011
-0.919209, 0.187325
0.18732519447803497,-0.9192090034484863
-0.523602, 0.354508
0.35450801253318787,-0.5236018896102905
-1.567219, 0.068152
0.06815185397863388,-1.5672186613082886
-0.026274, 0.370455
0.37045472860336304,-0.026274239644408226
-0.230817, 0.318417
0.3184168338775635,-0.23081731796264648
-0.299949, 0.345295
0.345294713973999,-0.2999487519264221
-0.111805, 0.322856
0.32285574078559875,-0.11180459707975388
-1.195690, 0.895796
0.895796000957489,-1.1956900358200073
-1.100974, 0.157417
0.15741702914237976,-1.1009740829467773
-0.588585, 0.338420
0.338420033454895,-0.5885850787162781
-0.348701, 0.346464
0.3464643657207489,-0.348700612783432
-0.514726, 0.448125
0.4481252133846283,-0.5147261023521423
-0.771290, 0.401652
0.4016515612602234,-0.7712900638580322
-0.296917, 0.028787
0.02878745272755623,-0.29691705107688904
-0.392720, 0.324229
0.32422855496406555,-0.392720490694046
-0.594513, 0.712526
0.7125256061553955,-0.5945128202438354
-0.770646, 0.198572
0.19857211410999298,-0.7706462144851685
-0.570782, 0.773204
0.7732038497924805,-0.5707821249961853
-0.747742, 0.755740
0.7557404041290283,-0.7477416396141052
-0.362953, 1.053451
1.0534511804580688,-0.36295321583747864
-0.148523, 0.321728
0.3217275142669678,-0.14852336049079895
-0.401003, 0.221106
0.22110630571842194,-0.40100324153900146
-1.099796, 1.420824
1.420824408531189,-1.099796175956726
-1.198112, 0.326249
0.32624852657318115,-1.1981117725372314
-1.009498, 0.120045
0.12004487961530685,-1.0094980001449585
-0.182958, 0.574000
0.5739995241165161,-0.18295764923095703
-0.243025, 0.137547
0.1375470906496048,-0.24302494525909424
-0.599629, 1.486279
1.4862792491912842,-0.5996289849281311
-0.589804, 0.359868
0.359867662191391,-0.5898042917251587
-1.458491, 0.549531
0.5495314598083496,-1.4584906101226807
-0.163295, 1.142810
1.1428099870681763,-0.16329458355903625
-1.471771, 0.392594
0.3925935626029968,-1.4717713594436646
-1.533379, 0.188992
0.1889924257993698,-1.5333789587020874
-0.254744, 0.215895
0.2158951312303543,-0.2547436058521271
-0.884554, 0.391754
0.3917537033557892,-0.8845536708831787
-1.455284, 0.867615
0.8676151037216187,-1.4552839994430542
-0.779824, 0.386070
0.38607001304626465,-0.7798241972923279
-1.541785, 0.607820
0.6078195571899414,-1.5417848825454712
-0.402347, -0.025774
-0.02577446959912777,-0.40234723687171936
-1.274804, 0.187269
0.18726906180381775,-1.2748037576675415
-2.764999, 1.176881
1.1768808364868164,-2.7649986743927
-1.501937, 1.839584
1.8395837545394897,-1.501936912536621
-1.869681, 0.820789
0.8207888007164001,-1.8696805238723755
-1.731542, 1.505205
1.5052051544189453,-1.7315424680709839
-0.979081, -0.133309
-0.1333092451095581,-0.9790810942649841
-1.661637, 0.190977
0.19097711145877838,-1.6616370677947998
-0.569815, -0.065065
-0.0650646835565567,-0.5698153972625732
-1.107493, 0.126870
0.12687048316001892,-1.107493281364441
-1.834385, 0.798219
0.798218846321106,-1.8343849182128906
-1.273705, 0.574466
0.5744657516479492,-1.2737047672271729
-0.568692, 0.751224
0.7512240409851074,-0.568691611289978
-1.130460, -0.104503
-0.10450315475463867,-1.1304603815078735
-0.477138, 0.988930
0.9889295101165771,-0.477137953042984
-0.744003, -0.203660
-0.20365987718105316,-0.7440025210380554
-1.388406, 0.255340
0.25533968210220337,-1.3884063959121704
-0.828613, 0.796332
0.7963322401046753,-0.8286128640174866
-0.388278, 0.340873
0.34087294340133667,-0.3882783055305481
-1.238141, 1.483141
1.4831411838531494,-1.2381410598754883
-1.966124, 0.522067
0.5220668315887451,-1.9661235809326172
-1.337500, 0.585134
0.5851343870162964,-1.3375004529953003
-0.250094, 0.083132
0.0831320658326149,-0.2500940263271332
-0.595690, 0.240813
0.24081256985664368,-0.5956898331642151
-0.315110, 0.354117
0.35411691665649414,-0.31510981917381287
-0.281044, 0.346672
0.34667178988456726,-0.28104355931282043
-0.358015, 0.101160
0.10116040706634521,-0.35801491141319275
-0.298892, 0.361289
0.361288845539093,-0.29889193177223206
-1.653188, 0.020425
0.02042524330317974,-1.6531884670257568
-1.066565, 0.510217
0.5102171897888184,-1.066564917564392
-1.628643, 1.351728
1.3517282009124756,-1.6286427974700928
-1.204285, 0.070059
0.07005858421325684,-1.2042845487594604
-1.414855, 0.565632
0.5656319856643677,-1.4148553609848022
-1.324756, 0.851724
0.8517242670059204,-1.3247556686401367
-0.881855, 0.514783
0.5147834420204163,-0.8818554878234863
-2.465591, 1.258615
1.2586148977279663,-2.4655911922454834
-0.295528, 0.670822
0.6708218455314636,-0.2955283224582672
-0.981028, 0.328243
0.32824283838272095,-0.9810284972190857
-2.229997, 0.471774
0.47177425026893616,-2.229997158050537
-0.134863, 0.152011
0.1520111858844757,-0.13486281037330627
-0.764179, 0.216679
0.21667933464050293,-0.7641790509223938
-0.788061, 0.481233
0.48123297095298767,-0.7880613803863525
-1.229751, 0.418276
0.4182758927345276,-1.2297507524490356
-1.438005, -0.104057
-0.1040569394826889,-1.4380053281784058
-1.424836, 0.929225
0.929224967956543,-1.4248361587524414
-1.616877, 0.189127
0.18912653625011444,-1.6168767213821411
-0.660841, 0.760475
0.7604746222496033,-0.6608413457870483
-0.782877, 0.177735
0.17773528397083282,-0.7828769087791443
-0.709418, 1.313176
1.313175916671753,-0.709417998790741
-0.561214, -0.171465
-0.17146478593349457,-0.5612135529518127
-0.232171, 0.276556
0.2765563726425171,-0.23217108845710754
-0.464166, 0.244694
0.24469387531280518,-0.4641663730144501
-0.584430, 0.351769
0.35176873207092285,-0.5844300389289856
-0.885836, 0.284743
0.28474313020706177,-0.8858357071876526
-0.963538, 1.467682
1.4676822423934937,-0.9635379910469055
-1.564590, 0.297691
0.29769083857536316,-1.5645904541015625
-1.641132, 0.417768
0.41776806116104126,-1.64113187789917
-0.927154, 0.773890
0.7738902568817139,-0.9271539449691772
-1.045711, 0.640714
0.6407139301300049,-1.0457106828689575
-1.453337, 0.030445
0.030444884672760963,-1.45333731174469
-2.044102, 0.698631
0.698630690574646,-2.044102191925049
-0.183183, 0.621675
0.6216748952865601,-0.18318258225917816
-1.500662, 0.129241
0.12924112379550934,-1.500662088394165
-1.747336, 0.927015
0.927015483379364,-1.74733567237854
-1.017336, 0.137237
0.13723662495613098,-1.017336130142212
-1.761634, 0.368278
0.3682781457901001,-1.7616342306137085
-1.675553, -0.065748
-0.06574796885251999,-1.6755532026290894
-2.627494, 1.216245
1.2162448167800903,-2.6274936199188232
-1.414930, 1.698762
1.6987618207931519,-1.4149296283721924
-2.050266, 0.522660
0.5226601362228394,-2.0502655506134033
-1.510130, 0.772971
0.7729706168174744,-1.5101302862167358
-1.107936, 0.187290
0.18729020655155182,-1.1079363822937012
-1.543914, 0.343036
0.3430362045764923,-1.5439139604568481
-0.540482, 0.226658
0.22665776312351227,-0.5404824018478394
-1.736735, 1.102092
1.102091670036316,-1.7367347478866577
-0.839194, 0.051650
0.051649756729602814,-0.8391942977905273
-1.615488, 0.425089
0.42508941888809204,-1.6154884099960327
-0.197578, 0.439365
0.43936529755592346,-0.19757825136184692
-0.405541, 0.701445
0.7014451026916504,-0.40554097294807434
-0.669793, 0.027592
0.027591833844780922,-0.6697934865951538
-2.444716, 1.551545
1.5515449047088623,-2.444716215133667
-0.675735, 0.987258
0.9872579574584961,-0.6757351756095886
-2.048090, 1.169814
1.1698142290115356,-2.0480902194976807
-1.994153, 1.148583
1.1485832929611206,-1.994153380393982
-0.284280, 1.333951
1.3339511156082153,-0.2842804491519928
-1.466957, -0.110640
-0.1106404960155487,-1.4669570922851562
-0.604960, 0.210937
0.21093711256980896,-0.6049596071243286
-0.219098, -0.132709
-0.1327088624238968,-0.21909771859645844
-0.916164, 0.724595
0.724595308303833,-0.9161639213562012
-1.643276, 0.811144
0.8111437559127808,-1.6432758569717407
-1.082454, 0.173568
0.17356786131858826,-1.0824543237686157
-1.419048, 0.286039
0.2860386371612549,-1.4190478324890137
-1.953750, 1.388099
1.3880985975265503,-1.9537500143051147
-1.145552, 0.012137
0.012137183919548988,-1.1455520391464233
-0.300510, 0.039810
0.03981020301580429,-0.30050963163375854
-0.134249, 0.126333
0.12633346021175385,-0.13424944877624512
-1.096450, 0.480056
0.48005637526512146,-1.096449851989746
-0.046371, 0.457770
0.457769513130188,-0.046370770782232285
-0.306490, 0.287291
0.28729134798049927,-0.30648964643478394
-0.110241, 0.619002
0.6190019845962524,-0.11024057865142822
-0.327759, 0.143896
0.14389632642269135,-0.32775864005088806
-1.292166, 0.371067
0.37106651067733765,-1.2921656370162964
-0.931236, 0.168624
0.16862399876117706,-0.931235671043396
-0.432270, 0.428188
0.42818766832351685,-0.4322701096534729
-0.716766, 0.289334
0.28933385014533997,-0.716765820980072
-0.482099, 0.189449
0.18944886326789856,-0.48209908604621887
-0.208485, 0.103294
0.10329394042491913,-0.2084847092628479
-0.060803, 0.328178
0.328178346157074,-0.0608031302690506
-0.316955, 0.236642
0.23664210736751556,-0.31695476174354553
-0.964916, 0.138208
0.13820843398571014,-0.9649156928062439
-1.382427, 0.375131
0.375130832195282,-1.3824265003204346
-0.781900, -0.232798
-0.23279845714569092,-0.7819002866744995
-0.142768, 0.206507
0.20650681853294373,-0.14276766777038574
-0.128016, 0.444308
0.44430816173553467,-0.1280161440372467
-0.721029, 0.145873
0.14587312936782837,-0.7210286259651184
-1.068312, 0.120703
0.12070336937904358,-1.068312406539917
-0.528399, 0.489430
0.4894300103187561,-0.5283992886543274
-0.585647, 0.471852
0.47185182571411133,-0.5856472849845886
-0.350019, 1.325677
1.3256769180297852,-0.35001933574676514
-1.357390, 0.570648
0.5706484913825989,-1.3573901653289795
-0.070465, 0.285135
0.28513506054878235,-0.0704648345708847
-0.414733, 0.407743
0.4077425003051758,-0.4147331416606903
-0.647758, 0.271217
0.2712167501449585,-0.6477577090263367
-0.398382, 0.219771
0.21977107226848602,-0.3983822166919708
-0.008226, 0.303176
0.3031759262084961,-0.008225588127970695
-0.133093, 1.532402
1.5324018001556396,-0.1330932080745697
-0.387720, 0.289283
0.2892831563949585,-0.3877204656600952
-1.160940, 0.053926
0.05392574518918991,-1.160940170288086
-0.705109, 0.686460
0.6864604353904724,-0.7051085829734802
-0.187709, 0.323071
0.32307079434394836,-0.1877090036869049
-0.621380, 2.160930
2.1609301567077637,-0.6213804483413696
-0.251975, 0.257075
0.257074773311615,-0.25197547674179077
-0.423377, 0.285150
0.2851502299308777,-0.4233773648738861
-0.614637, 0.139026
0.13902603089809418,-0.6146371364593506
-1.862184, -0.070180
-0.07017990946769714,-1.862183928489685
-0.104778, 0.430923
0.4309225082397461,-0.10477840900421143
-1.012241, 0.725709
0.7257087230682373,-1.0122407674789429
-1.501766, 0.747779
0.7477794885635376,-1.5017664432525635
-1.413601, 1.776525
1.7765254974365234,-1.4136006832122803
-0.463368, 0.209053
0.20905251801013947,-0.46336767077445984
-0.279422, 2.196837
2.1968374252319336,-0.2794221043586731
-0.602848, 0.408266
0.4082660377025604,-0.6028482913970947
-0.831336, 1.087082
1.0870823860168457,-0.831336498260498
-1.182290, 0.648354
0.6483544707298279,-1.1822901964187622
-1.365476, -0.012145
-0.012144653126597404,-1.3654762506484985
-1.164823, 0.614619
0.6146186590194702,-1.164823055267334
-0.494805, 0.420796
0.42079615592956543,-0.494804710149765
-1.634786, -0.137278
-0.13727787137031555,-1.634785771369934
-1.207725, 0.182168
0.18216818571090698,-1.2077252864837646
-0.711003, 0.709634
0.7096337080001831,-0.7110026478767395
-0.136039, 0.105832
0.10583169758319855,-0.13603933155536652
-0.317699, 0.498182
0.4981815814971924,-0.3176990747451782
-1.440192, 0.144942
0.14494189620018005,-1.4401915073394775
-0.877370, 0.512170
0.5121703743934631,-0.8773704767227173
-0.565325, 0.583404
0.5834043622016907,-0.5653254985809326
-0.873527, 0.370556
0.3705563247203827,-0.8735272884368896
-1.026260, 0.842991
0.8429913520812988,-1.0262597799301147
-0.806483, 1.288901
1.2889010906219482,-0.8064831495285034
-1.019572, 0.228957
0.2289571762084961,-1.0195720195770264
-0.829833, 0.554772
0.554771900177002,-0.8298332095146179
-0.063403, 0.535748
0.5357476472854614,-0.0634034126996994
-1.512678, 0.213491
0.21349111199378967,-1.5126783847808838
-0.231109, 0.637600
0.637600302696228,-0.23110859096050262
-0.640630, 0.978006
0.9780063033103943,-0.6406304836273193
-1.240801, 0.573269
0.5732694864273071,-1.240801453590393
-1.175712, 0.670897
0.6708969473838806,-1.1757123470306396
-1.175364, -0.126504
-0.12650439143180847,-1.175363540649414
-0.204384, 1.492867
1.4928672313690186,-0.20438365638256073
-1.056049, 0.264659
0.2646588087081909,-1.0560494661331177
-1.208177, 0.102338
0.10233818739652634,-1.2081773281097412
-1.276263, 0.134540
0.13453973829746246,-1.2762629985809326
-0.358473, 0.215236
0.215236097574234,-0.35847291350364685
-1.422657, 0.707267
0.7072668075561523,-1.4226571321487427
-0.144269, -0.001829
-0.001828780397772789,-0.14426912367343903
-0.546382, 0.558656
0.5586559772491455,-0.5463823676109314
-0.140138, 0.605382
0.6053818464279175,-0.14013777673244476
-0.255384, 0.148981
0.14898066222667694,-0.25538355112075806
-1.800511, 0.523604
0.5236036777496338,-1.8005106449127197
-0.479176, 0.015333
0.015333155170083046,-0.479175865650177
-1.135352, 0.792844
0.7928444147109985,-1.1353520154953003
-1.047205, 0.379545
0.3795453608036041,-1.047204613685608
-1.690464, 0.487312
0.48731231689453125,-1.6904635429382324
-0.509770, 0.074966
0.07496609538793564,-0.5097703337669373
-1.055820, 0.365716
0.3657155930995941,-1.0558196306228638
-1.488050, 0.647285
0.6472846269607544,-1.4880497455596924
-0.805166, 1.129488
1.1294877529144287,-0.8051657676696777
-0.839445, 0.739049
0.7390487194061279,-0.8394445180892944
-0.909370, 0.749366
0.7493662238121033,-0.9093702435493469
-1.018393, 0.759379
0.7593789100646973,-1.0183932781219482
-1.556149, 0.922783
0.922783374786377,-1.5561485290527344
-1.177221, 0.608970
0.6089695692062378,-1.1772210597991943
-0.136472, 0.387032
0.3870324492454529,-0.13647222518920898
-0.980291, 0.330592
0.33059191703796387,-0.9802906513214111
-1.214634, 1.137628
1.1376278400421143,-1.214633822441101
-0.013474, 0.387218
0.38721776008605957,-0.013474087230861187
-1.892590, 0.673460
0.6734602451324463,-1.8925895690917969
-0.721609, 0.358049
0.358049213886261,-0.7216092348098755
-1.130765, 1.124480
1.1244802474975586,-1.1307653188705444
-2.151144, 1.011177
1.011176586151123,-2.15114426612854
-0.481158, 3.662390
3.6623895168304443,-0.481158047914505
-0.423435, 0.331429
0.331429123878479,-0.4234350025653839
-1.626898, 0.072258
0.0722583532333374,-1.6268975734710693
-0.122197, 1.267187
1.267187476158142,-0.12219713628292084
-1.145588, 0.380021
0.3800206780433655,-1.1455879211425781
-0.157895, 0.632373
0.6323729753494263,-0.15789486467838287
-1.540338, 0.273780
0.2737801969051361,-1.5403376817703247
-1.351190, 0.696841
0.6968406438827515,-1.3511896133422852
-0.334436, 0.281950
0.28195011615753174,-0.3344358801841736
-1.296044, 0.506586
0.5065860748291016,-1.2960439920425415
-1.587549, 0.546205
0.5462052822113037,-1.587548851966858
-0.069524, 0.459891
0.4598909020423889,-0.06952354311943054
-2.193996, 0.782245
0.7822446227073669,-2.193995714187622
-2.055080, 2.716104
2.716104030609131,-2.055079936981201
-1.799439, 0.931663
0.9316633939743042,-1.7994388341903687
-1.654618, 0.332366
0.33236631751060486,-1.6546176671981812
-2.076086, 1.002465
1.0024646520614624,-2.0760858058929443
-1.533860, 0.429332
0.42933207750320435,-1.5338603258132935
-0.647962, 0.136019
0.13601884245872498,-0.6479616165161133
-1.060853, 0.235881
0.23588058352470398,-1.0608534812927246
-0.830904, 0.159284
0.15928371250629425,-0.8309040665626526
-0.752485, 0.601916
0.6019161939620972,-0.7524853944778442
-0.274310, 0.248338
0.24833756685256958,-0.27431049942970276
-0.049380, 1.276080
1.2760802507400513,-0.04937957972288132
-1.386684, 0.614301
0.6143010854721069,-1.3866838216781616
-1.464761, 0.740069
0.7400688529014587,-1.46476149559021
-0.549848, 0.285491
0.2854905426502228,-0.5498477816581726
-0.549523, 0.383441
0.38344061374664307,-0.5495232939720154
-0.517017, 0.711417
0.7114168405532837,-0.5170166492462158
-0.924190, 0.019106
0.01910555548965931,-0.9241902232170105
-0.107720, 1.049788
1.0497875213623047,-0.10771992057561874
-1.176298, 0.025260
0.025260161608457565,-1.1762984991073608
-0.730875, 1.129270
1.1292697191238403,-0.7308753132820129
-0.088509, 0.330860
0.33086034655570984,-0.08850899338722229
-0.561427, 0.117249
0.11724928021430969,-0.561427116394043
-2.054901, 0.455002
0.45500248670578003,-2.054900884628296
-1.190533, 1.726070
1.7260704040527344,-1.1905332803726196
-0.114785, 1.045720
1.0457203388214111,-0.11478520929813385
-0.020526, 0.604433
0.6044328212738037,-0.020525790750980377
-0.083114, 0.259019
0.25901857018470764,-0.08311431854963303
-1.689051, 0.696948
0.6969480514526367,-1.689050555229187
-0.709129, 0.276509
0.2765086889266968,-0.7091285586357117
-1.469819, 0.551027
0.5510270595550537,-1.4698185920715332
-0.521730, 0.254384
0.25438392162323,-0.5217298269271851
-1.504980, -0.009936
-0.009935645386576653,-1.504980206489563
-0.878452, 0.031261
0.031260788440704346,-0.8784524202346802
-1.714410, 1.246015
1.246015191078186,-1.7144103050231934
-1.317691, 1.054298
1.0542981624603271,-1.3176910877227783
-0.465258, 0.728133
0.7281327247619629,-0.4652576148509979
-0.480096, 0.334814
0.33481401205062866,-0.4800964295864105
-0.994379, 0.502695
0.5026951432228088,-0.9943785071372986
-1.678545, 1.327000
1.3270001411437988,-1.6785448789596558
-0.604679, 0.480721
0.48072105646133423,-0.6046786308288574
-2.374907, 0.919884
0.919884204864502,-2.3749070167541504
-0.507626, 0.407834
0.40783411264419556,-0.5076258778572083
-1.677712, 0.079510
0.07950952649116516,-1.6777124404907227
-0.019668, 0.197351
0.19735051691532135,-0.01966848224401474
-1.898363, 0.096648
0.09664823114871979,-1.898363471031189
-1.463301, 0.495977
0.49597734212875366,-1.4633008241653442
-0.221343, 0.092413
0.09241344779729843,-0.22134332358837128
-0.104328, 0.279427
0.27942728996276855,-0.1043282002210617
-0.583934, 0.777840
0.7778403759002686,-0.5839340686798096
-0.691855, 0.358082
0.35808229446411133,-0.6918551921844482
-0.447604, 0.360830
0.36083048582077026,-0.447604238986969
-1.434035, 0.686718
0.6867178678512573,-1.4340351819992065
-0.282421, 0.429179
0.4291793704032898,-0.28242069482803345
-1.728051, 0.547738
0.5477384924888611,-1.7280513048171997
-0.069486, 0.387709
0.38770899176597595,-0.06948555260896683
-1.352688, 0.333842
0.33384183049201965,-1.352688193321228
-0.791386, 0.823776
0.823776364326477,-0.7913864850997925
-0.334186, 0.803235
0.8032348155975342,-0.33418580889701843
-1.864356, 0.099885
0.09988518059253693,-1.8643561601638794
-2.045016, 1.393836
1.3938356637954712,-2.045015573501587
-1.029230, 0.007448
0.007447579875588417,-1.029229760169983
-0.489764, 0.385496
0.3854961097240448,-0.48976361751556396
-1.668887, 0.467678
0.46767765283584595,-1.668886661529541
-0.844048, 0.694540
0.6945398449897766,-0.844048023223877
-1.879875, 1.667144
1.6671435832977295,-1.8798751831054688
-0.335493, 0.831651
0.8316512703895569,-0.3354933261871338
-0.195142, 0.169874
0.16987410187721252,-0.19514194130897522
-1.681579, 0.394143
0.3941425681114197,-1.6815788745880127
-1.488452, -0.296360
-0.2963603436946869,-1.4884521961212158
-0.176044, 0.453799
0.45379939675331116,-0.17604416608810425
-0.233108, 0.189652
0.1896519809961319,-0.23310750722885132
-1.485840, 0.684528
0.6845282316207886,-1.48583984375
-0.187631, 0.319322
0.31932172179222107,-0.18763071298599243
-1.628224, 0.317513
0.3175126016139984,-1.62822425365448
-0.354365, 0.607302
0.6073022484779358,-0.35436514019966125
-0.795656, 0.300747
0.300747275352478,-0.7956555485725403
-0.387167, 0.799106
0.7991056442260742,-0.3871670365333557
-1.120163, 0.400934
0.40093424916267395,-1.120162844657898
-0.141621, 0.483690
0.48368990421295166,-0.1416209191083908
-1.186912, 0.587822
0.5878221392631531,-1.1869120597839355
-1.157237, 0.904109
0.9041093587875366,-1.1572370529174805
-1.039650, 0.650741
0.6507411599159241,-1.0396500825881958
-1.045809, 0.561677
0.5616773962974548,-1.045809268951416
-0.895272, 0.283454
0.28345388174057007,-0.895272433757782
-0.281695, 0.166230
0.16622963547706604,-0.28169485926628113
-0.429085, 1.293865
1.2938649654388428,-0.42908522486686707
-0.780451, 0.945144
0.9451443552970886,-0.7804509401321411
-12.804547, 3.565893
3.5658926963806152,-12.804547309875488
-0.121790, 0.113774
0.11377409100532532,-0.12178990244865417
-1.476558, 0.728661
0.728660523891449,-1.476557731628418
-0.991928, 0.394185
0.3941846191883087,-0.9919283986091614
-1.106144, 0.261329
0.2613290548324585,-1.1061439514160156
-0.803614, 0.266008
0.26600804924964905,-0.8036141395568848
-1.098429, 0.253983
0.2539827823638916,-1.0984293222427368
-0.436082, 0.466514
0.466513991355896,-0.4360816478729248
-1.077495, 1.462188
1.4621880054473877,-1.0774948596954346
-0.119969, 0.390587
0.3905874192714691,-0.1199689581990242
-0.685951, 0.256239
0.25623899698257446,-0.6859506964683533
-1.009395, 1.329851
1.3298511505126953,-1.0093953609466553
-0.167591, 0.853919
0.8539193272590637,-0.16759119927883148
-0.303727, 0.807749
0.8077489733695984,-0.30372658371925354
-2.005182, 0.340010
0.34000954031944275,-2.0051815509796143
-0.457702, 0.598972
0.5989718437194824,-0.45770227909088135
-1.326989, -0.094169
-0.09416943788528442,-1.3269894123077393
-1.852737, 0.505276
0.505275547504425,-1.8527369499206543
-0.969530, 0.884457
0.8844567537307739,-0.9695298671722412
-0.786827, 0.778848
0.7788480520248413,-0.7868267893791199
-0.139161, 0.222262
0.22226184606552124,-0.13916052877902985
-0.323768, 0.234131
0.23413076996803284,-0.32376837730407715
-0.938439, 0.129306
0.1293056160211563,-0.9384385347366333
-1.320308, 0.155182
0.1551819145679474,-1.3203082084655762
-0.072617, -0.038499
-0.03849874436855316,-0.07261653244495392
-1.942112, 0.365621
0.365621417760849,-1.9421120882034302
-1.110295, 0.056678
0.05667822062969208,-1.1102946996688843
-0.991328, 0.717326
0.7173259854316711,-0.991327702999115
-0.211346, 0.159898
0.15989811718463898,-0.21134640276432037
-1.048697, 0.454301
0.454301118850708,-1.0486972332000732
-1.062784, 0.376549
0.3765486478805542,-1.0627840757369995
-1.214805, 0.630040
0.6300400495529175,-1.2148054838180542
-1.154276, 0.408606
0.4086064100265503,-1.154275894165039
-1.907497, 0.668672
0.6686724424362183,-1.9074972867965698
-0.700827, 0.079567
0.07956749945878983,-0.700827419757843
-0.400352, 0.809453
0.8094525337219238,-0.400351881980896
-0.548072, 0.670325
0.6703254580497742,-0.5480722784996033
-0.312911, 0.820198
0.8201977014541626,-0.3129112124443054
-1.162628, 0.173852
0.17385193705558777,-1.162628412246704
-0.499031, 0.411923
0.41192349791526794,-0.4990314841270447
-1.195550, 0.415294
0.4152936339378357,-1.1955504417419434
-0.302722, 0.628217
0.6282169818878174,-0.30272185802459717
-0.815231, 0.437198
0.43719756603240967,-0.815230667591095
-0.582460, 0.238474
0.2384740114212036,-0.5824600458145142
-0.671292, 0.793085
0.793084979057312,-0.6712923645973206
-0.288587, 0.087888
0.08788848668336868,-0.2885865271091461
-0.883710, 0.306230
0.3062296509742737,-0.883709728717804
-1.312297, 0.422180
0.422179639339447,-1.3122968673706055
-1.176202, 0.115527
0.11552742123603821,-1.176201581954956
-1.582902, 0.390426
0.39042627811431885,-1.5829015970230103
-1.246160, 0.127145
0.12714549899101257,-1.2461600303649902
-0.147434, 0.720850
0.7208503484725952,-0.14743445813655853
-0.490149, 0.212974
0.212973952293396,-0.49014872312545776
-0.478923, 0.482848
0.48284846544265747,-0.4789229929447174
-2.080891, 0.639360
0.639360249042511,-2.0808911323547363
-1.623895, 0.185214
0.1852136254310608,-1.6238951683044434
-0.554945, 0.356621
0.3566212058067322,-0.5549454092979431
-0.699356, 0.466445
0.46644479036331177,-0.6993556022644043
-0.669180, 0.417984
0.4179838299751282,-0.6691797375679016
-1.441843, 0.355058
0.35505789518356323,-1.4418432712554932
-0.199136, 0.202002
0.2020016312599182,-0.19913557171821594
-0.302640, 0.084158
0.08415798842906952,-0.30263981223106384
-1.461179, 0.187614
0.18761447072029114,-1.4611786603927612
-0.762806, 0.460603
0.4606027603149414,-0.7628061771392822
-0.268512, 0.198010
0.19801048934459686,-0.2685122489929199
-0.810853, 0.369698
0.369697630405426,-0.8108534812927246
-0.806486, 0.174488
0.17448800802230835,-0.8064863085746765
-0.491043, 0.021289
0.021288949996232986,-0.49104321002960205
-0.920636, 1.748327
1.7483267784118652,-0.9206355214118958
-0.380873, 1.310464
1.310463547706604,-0.38087254762649536
-1.189973, 0.507777
0.5077765583992004,-1.1899728775024414
-0.654159, 0.244171
0.24417072534561157,-0.6541585326194763
-0.769629, 0.376471
0.3764714300632477,-0.7696293592453003
-0.493541, 1.065372
1.0653717517852783,-0.49354085326194763
-0.555645, 0.282357
0.282357394695282,-0.555645227432251
-0.976273, 0.301002
0.30100202560424805,-0.9762731194496155
-0.124343, 0.442761
0.4427614212036133,-0.12434304505586624
-0.870019, 0.963771
0.9637709259986877,-0.8700189590454102
-0.601689, 1.394844
1.39484441280365,-0.6016889214515686
-1.090678, 0.169000
0.1689997762441635,-1.090678334236145
-0.217824, 0.388926
0.38892608880996704,-0.21782366931438446
-0.534861, 0.665760
0.6657597422599792,-0.5348607301712036
-1.645180, 0.064514
0.06451398134231567,-1.645180106163025
-1.215826, 0.027241
0.027241302654147148,-1.2158256769180298
-0.530685, 0.391445
0.39144545793533325,-0.530685305595398
-0.133939, 0.242485
0.24248532950878143,-0.1339392513036728
-0.105930, 1.614773
1.614773154258728,-0.1059299185872078
-0.303752, 0.644292
0.6442924737930298,-0.3037523031234741
-0.383970, 0.456586
0.45658600330352783,-0.3839704692363739
-0.710521, 0.348350
0.348350465297699,-0.7105211019515991
-1.382347, 3.313670
3.3136696815490723,-1.382346510887146
-0.820609, 0.427253
0.42725279927253723,-0.8206087946891785
-0.443545, 0.198907
0.19890722632408142,-0.44354522228240967
-1.393321, 0.771071
0.7710714340209961,-1.3933212757110596
-0.827958, 0.270885
0.27088525891304016,-0.8279581069946289
-1.610143, 0.803135
0.8031345009803772,-1.6101434230804443
-0.250189, 1.527234
1.527233600616455,-0.25018903613090515
-1.779139, 1.457734
1.4577341079711914,-1.7791390419006348
-0.001401, 0.954101
0.9541006088256836,-0.0014010487357154489
-0.058026, 1.806797
1.8067965507507324,-0.05802607163786888
-0.052850, 0.542994
0.5429943799972534,-0.05284987390041351
-1.876367, 0.513232
0.5132324695587158,-1.876367449760437
-0.917544, 0.522564
0.5225644111633301,-0.9175437092781067
-0.665591, 1.886717
1.8867173194885254,-0.6655910015106201
-0.450374, 1.614265
1.614264726638794,-0.4503738284111023
-0.597570, 0.172723
0.17272323369979858,-0.5975695848464966
-0.688575, 0.417714
0.41771405935287476,-0.6885749101638794
-0.244200, 0.286388
0.286388099193573,-0.24420017004013062
-1.678023, 0.355098
0.35509824752807617,-1.6780232191085815
-0.831406, 0.234298
0.2342977672815323,-0.8314062356948853
-1.255864, 0.036678
0.03667845577001572,-1.2558635473251343
-0.909420, 0.586711
0.5867111682891846,-0.9094203114509583
-0.346494, 0.619792
0.6197915077209473,-0.3464943766593933
-0.091774, 0.249122
0.24912214279174805,-0.09177407622337341
-0.564883, 0.345257
0.3452574610710144,-0.5648829936981201
-0.118145, 0.186504
0.18650370836257935,-0.11814521253108978
-1.214904, 0.071311
0.07131112366914749,-1.2149038314819336
-0.638817, 0.503504
0.5035042762756348,-0.6388165354728699
-1.629077, 0.355257
0.35525742173194885,-1.6290768384933472
-0.410999, 1.131105
1.1311050653457642,-0.4109989404678345
-0.905661, 0.590970
0.5909701585769653,-0.9056608080863953
-0.149746, 0.177481
0.1774808019399643,-0.14974597096443176
-0.138243, 0.540304
0.54030442237854,-0.13824301958084106
-0.233139, 0.720625
0.7206248641014099,-0.23313866555690765
-0.881569, 0.604232
0.6042317152023315,-0.8815688490867615
-0.882671, 0.872906
0.8729058504104614,-0.8826714158058167
-0.454429, 0.445377
0.4453774094581604,-0.45442867279052734
-0.516435, 0.595773
0.5957728624343872,-0.5164353251457214
-0.090377, 0.346637
0.3466368317604065,-0.09037735313177109
-0.768807, 0.926871
0.9268707036972046,-0.7688067555427551
-0.245975, 0.729760
0.7297602891921997,-0.24597474932670593
-0.698899, 0.342910
0.3429095149040222,-0.6988994479179382
-0.253739, 0.159114
0.15911442041397095,-0.25373879075050354
-0.633890, 0.533489
0.5334889888763428,-0.6338902115821838
-0.562741, 0.243240
0.24323998391628265,-0.5627409219741821
-0.335371, 0.472627
0.47262677550315857,-0.3353705406188965
-0.081931, 0.272308
0.2723079025745392,-0.0819314643740654
-1.459936, 1.532552
1.5325523614883423,-1.4599360227584839
-1.336213, 0.579596
0.5795961618423462,-1.3362126350402832
-0.423548, 8.550259
8.55025863647461,-0.42354774475097656
-0.017653, 1.051489
1.0514885187149048,-0.017653025686740875
-0.014269, 1.721781
1.7217811346054077,-0.014268648810684681
-0.367050, -0.002512
-0.002511763945221901,-0.3670501112937927
-0.495811, 0.491638
0.4916384518146515,-0.4958106279373169
-0.426195, 0.333586
0.3335858881473541,-0.4261952042579651
-2.145003, 1.689466
1.6894655227661133,-2.145003080368042
-1.177831, 0.209348
0.20934802293777466,-1.1778312921524048
-0.905599, 0.740574
0.7405737638473511,-0.9055987000465393
-0.323154, 0.687486
0.6874862909317017,-0.3231543004512787
-0.226571, 0.761490
0.7614896297454834,-0.22657081484794617
-0.192182, 1.087852
1.0878522396087646,-0.19218221306800842
-0.086871, 0.759605
0.7596051692962646,-0.08687139302492142
-0.398668, 0.225793
0.2257927656173706,-0.398667573928833
-0.252265, 0.699006
0.6990064382553101,-0.25226548314094543
-0.089883, 0.273037
0.27303674817085266,-0.08988282084465027
-0.061625, -0.027212
-0.027211768552660942,-0.061624616384506226
-0.184049, -0.025680
-0.02568015642464161,-0.18404896557331085
-0.271669, 0.161509
0.161508709192276,-0.27166947722435
-0.605189, 0.707996
0.7079964876174927,-0.6051892638206482
-1.127296, -0.013089
-0.013088682666420937,-1.127295970916748
-0.725375, 0.233337
0.23333653807640076,-0.7253751158714294
-0.321501, 0.451865
0.4518648386001587,-0.32150065898895264
-0.646380, 0.252834
0.25283414125442505,-0.6463798880577087
-0.976089, 0.668795
0.6687952280044556,-0.9760892391204834
-1.123509, 0.108620
0.10861966013908386,-1.1235092878341675
-1.251481, 0.112848
0.11284781247377396,-1.2514806985855103
-0.419009, 0.558550
0.5585497617721558,-0.41900932788848877
-1.244741, 0.129728
0.1297275274991989,-1.2447409629821777
-1.408692, 0.625540
0.6255403757095337,-1.4086921215057373
-1.118331, 0.495187
0.4951871335506439,-1.1183314323425293
-0.111925, 0.137162
0.13716207444667816,-0.11192453652620316
-0.998695, 0.725790
0.7257902026176453,-0.9986949563026428
-0.602673, 0.690532
0.6905324459075928,-0.6026725172996521
-0.377140, 0.709988
0.7099883556365967,-0.37714025378227234
-1.539962, 0.277545
0.27754485607147217,-1.539961814880371
-0.316191, 0.407816
0.40781649947166443,-0.3161913752555847
-0.457481, 0.540229
0.5402289032936096,-0.4574812054634094
-0.158848, 0.492214
0.49221375584602356,-0.15884801745414734
-1.026635, 1.067126
1.0671262741088867,-1.026634693145752
-0.283212, 0.409986
0.4099855422973633,-0.2832118272781372
-1.642939, 0.538874
0.5388739109039307,-1.6429389715194702
-1.387061, -0.138273
-0.13827267289161682,-1.387060523033142
-0.737932, 0.526229
0.5262293815612793,-0.7379322052001953
-0.893361, 0.316929
0.3169291615486145,-0.8933608531951904
-0.380792, 0.186616
0.1866159290075302,-0.38079220056533813
-0.806295, 0.403649
0.4036485552787781,-0.8062949180603027
-0.242047, 0.753899
0.7538985013961792,-0.2420465350151062
-0.082870, 0.388532
0.38853248953819275,-0.08287045359611511
-0.067097, 1.079108
1.079108476638794,-0.06709746271371841
-0.256735, 1.092286
1.092286229133606,-0.2567347288131714
-0.565934, 1.014356
1.014356017112732,-0.5659340620040894
-0.031826, 0.626121
0.6261212825775146,-0.03182611241936684
-0.809437, 0.706377
0.7063771486282349,-0.8094374537467957
-0.749714, 0.846444
0.846443772315979,-0.7497142553329468
-0.471246, 1.026549
1.0265485048294067,-0.47124558687210083
-0.809588, 0.200120
0.2001199871301651,-0.8095880150794983
-1.083093, 0.213792
0.2137923687696457,-1.0830929279327393
-1.571895, 0.721612
0.7216123342514038,-1.5718951225280762
-1.890756, 1.776525
1.7765254974365234,-1.8907560110092163
-1.020720, 0.031065
0.031064974144101143,-1.0207195281982422
-1.048465, 0.912976
0.9129762649536133,-1.0484651327133179
-1.225983, 0.166371
0.1663714349269867,-1.2259830236434937
-0.493975, 0.408266
0.4082660377025604,-0.49397513270378113
-0.487544, 1.087082
1.0870823860168457,-0.48754429817199707
-1.196618, 0.648354
0.6483544707298279,-1.196617841720581
-1.225875, 0.586851
0.5868508815765381,-1.2258754968643188
-1.652850, 0.539380
0.5393800735473633,-1.6528500318527222
-0.226045, 0.301296
0.30129626393318176,-0.22604487836360931
-0.865453, 0.374539
0.37453895807266235,-0.8654530048370361
-2.546223, 0.296787
0.2967866063117981,-2.5462234020233154
-1.645581, -0.137278
-0.13727787137031555,-1.645580530166626
-0.999105, 0.182168
0.18216818571090698,-0.999104917049408
-1.319960, 1.032790
1.0327904224395752,-1.319960117340088
-1.434390, 0.144942
0.14494189620018005,-1.4343903064727783
-11.965355, 1.354586
1.3545863628387451,-11.965354919433594
-1.084625, 0.620884
0.6208840608596802,-1.0846253633499146
-1.282945, 0.434648
0.4346482753753662,-1.282944679260254
-0.627573, 0.583404
0.5834043622016907,-0.6275734901428223
-0.597862, 0.485588
0.4855881929397583,-0.5978623032569885
-0.925500, 0.622206
0.6222058534622192,-0.9255004525184631
-1.268970, 0.429790
0.4297901391983032,-1.268970012664795
-0.615853, 0.092054
0.0920538529753685,-0.6158530712127686
-0.690215, 0.323601
0.32360050082206726,-0.6902148127555847
-0.731450, 0.072186
0.07218614965677261,-0.731449544429779
-0.564548, 0.265541
0.26554074883461,-0.5645481944084167
-1.740664, 0.881918
0.8819177150726318,-1.740664005279541
-0.337579, 1.177652
1.17765212059021,-0.3375788629055023
-0.953578, 1.288901
1.2889010906219482,-0.953577995300293
-0.811436, 0.668358
0.668357789516449,-0.8114357590675354
-0.619069, 1.033046
1.0330462455749512,-0.6190686821937561
-0.034963, 0.726786
0.7267864346504211,-0.034963078796863556
-0.014995, 0.467622
0.467621773481369,-0.01499519869685173
-1.516322, 0.213491
0.21349111199378967,-1.516322374343872
-0.170171, 0.637600
0.637600302696228,-0.1701711267232895
-0.154328, 0.978006
0.9780063033103943,-0.15432780981063843
-0.156166, 1.492867
1.4928672313690186,-0.1561659723520279
-0.162691, 0.243242
0.24324196577072144,-0.16269060969352722
-0.923593, 0.264659
0.2646588087081909,-0.9235926866531372
-1.526679, 0.102338
0.10233818739652634,-1.5266788005828857
-0.368324, 0.215236
0.215236097574234,-0.3683242201805115
-0.097720, 0.062574
0.06257364898920059,-0.09771963208913803
-0.316872, 0.639041
0.6390408277511597,-0.31687232851982117
-0.140742, 0.672331
0.6723312139511108,-0.14074230194091797
-1.498162, 0.099675
0.09967505931854248,-1.498162031173706
-0.319909, 0.148981
0.14898066222667694,-0.3199087381362915
-0.735546, 0.674754
0.674753725528717,-0.7355455756187439
-0.129209, 0.534368
0.534368097782135,-0.12920886278152466
-1.870604, 0.523604
0.5236036777496338,-1.8706036806106567
-1.447898, 0.053541
0.05354129523038864,-1.4478983879089355
-0.375669, 0.190007
0.1900072991847992,-0.37566938996315
-0.726555, 0.391287
0.39128726720809937,-0.726554811000824
-0.046502, 0.601517
0.6015170812606812,-0.04650215432047844
-0.674054, 0.816825
0.8168253302574158,-0.6740536689758301
-0.007164, 0.320357
0.320357084274292,-0.00716424360871315
